base-record path=sylver/move26_data/full_82.txt rows=200
base-record path=sylver/move26_data/x_sortie.txt rows=3
ROW-CHECKPOINT loaded path=sylver/move26_data/periodicity_x.cache.rowstate active_n=409 scanned_to=407 shapes=1406524 eparts=1051 evaluations=23224931838
engine base=16,26,82,88, f=59 tbar=118
ROW begin n=409 shapes=1406524 eparts=1051
EVALUATIONS count=23230000000 sid=470941 m=97 shapes=1406524 eparts=1051
EVALUATIONS count=23240000000 sid=1401303 m=13 shapes=1406524 eparts=1051
EVALUATIONS count=23250000000 sid=1395831 m=83 shapes=1406524 eparts=1051
EVALUATIONS count=23260000000 sid=1310978 m=69 shapes=1406524 eparts=1051
EVALUATIONS count=23270000000 sid=1340237 m=113 shapes=1406524 eparts=1051
EVALUATIONS count=23280000000 sid=560751 m=159 shapes=1406524 eparts=1051
EVALUATIONS count=23290000000 sid=571945 m=99 shapes=1406524 eparts=1051
EVALUATIONS count=23300000000 sid=197 m=173 shapes=1406524 eparts=1051
EVALUATIONS count=23310000000 sid=477631 m=181 shapes=1406524 eparts=1051
EVALUATIONS count=23320000000 sid=465613 m=139 shapes=1406524 eparts=1051
EVALUATIONS count=23330000000 sid=571945 m=125 shapes=1406524 eparts=1051
EVALUATIONS count=23340000000 sid=639500 m=101 shapes=1406524 eparts=1051
EVALUATIONS count=23350000000 sid=471589 m=107 shapes=1406524 eparts=1051
EVALUATIONS count=23360000000 sid=515611 m=217 shapes=1406524 eparts=1051
EVALUATIONS count=23370000000 sid=473472 m=219 shapes=1406524 eparts=1051
EVALUATIONS count=23380000000 sid=560403 m=125 shapes=1406524 eparts=1051
EVALUATIONS count=23390000000 sid=1401304 m=201 shapes=1406524 eparts=1051
EVALUATIONS count=23400000000 sid=664712 m=173 shapes=1406524 eparts=1051
EVALUATIONS count=23410000000 sid=548247 m=251 shapes=1406524 eparts=1051
EVALUATIONS count=23420000000 sid=893 m=259 shapes=1406524 eparts=1051
EVALUATIONS count=23430000000 sid=1352053 m=151 shapes=1406524 eparts=1051
EVALUATIONS count=23440000000 sid=510591 m=165 shapes=1406524 eparts=1051
EVALUATIONS count=23450000000 sid=306674 m=279 shapes=1406524 eparts=1051
EVALUATIONS count=23460000000 sid=304264 m=255 shapes=1406524 eparts=1051
EVALUATIONS count=23470000000 sid=575736 m=293 shapes=1406524 eparts=1051
EVALUATIONS count=23480000000 sid=511217 m=293 shapes=1406524 eparts=1051
EVALUATIONS count=23490000000 sid=475434 m=195 shapes=1406524 eparts=1051
EVALUATIONS count=23500000000 sid=560403 m=263 shapes=1406524 eparts=1051
EVALUATIONS count=23510000000 sid=560403 m=283 shapes=1406524 eparts=1051
EVALUATIONS count=23520000000 sid=506593 m=329 shapes=1406524 eparts=1051
EVALUATIONS count=23530000000 sid=470999 m=243 shapes=1406524 eparts=1051
EVALUATIONS count=23540000000 sid=1340236 m=277 shapes=1406524 eparts=1051
EVALUATIONS count=23550000000 sid=1352621 m=351 shapes=1406524 eparts=1051
EVALUATIONS count=23560000000 sid=468088 m=255 shapes=1406524 eparts=1051
EVALUATIONS count=23570000000 sid=544817 m=365 shapes=1406524 eparts=1051
EVALUATIONS count=23580000000 sid=660488 m=309 shapes=1406524 eparts=1051
EVALUATIONS count=23590000000 sid=471610 m=361 shapes=1406524 eparts=1051
EVALUATIONS count=23600000000 sid=304017 m=387 shapes=1406524 eparts=1051
EVALUATIONS count=23610000000 sid=1405299 m=393 shapes=1406524 eparts=1051
EVALUATIONS count=23620000000 sid=302945 m=399 shapes=1406524 eparts=1051
EVALUATIONS count=23630000000 sid=1403888 m=401 shapes=1406524 eparts=1051
EVALUATIONS count=23640000000 sid=304232 m=165 shapes=1408486 eparts=1052
EVALUATIONS count=23650000000 sid=309622 m=213 shapes=1408486 eparts=1052
EVALUATIONS count=23660000000 sid=664625 m=215 shapes=1408486 eparts=1052
EVALUATIONS count=23670000000 sid=1406524 m=195 shapes=1408486 eparts=1052
EVALUATIONS count=23680000000 sid=664625 m=249 shapes=1408486 eparts=1052
EVALUATIONS count=23690000000 sid=1406565 m=367 shapes=1408486 eparts=1052
SHAPES count=1410000 eparts=1052 scanned_to=407
EVALUATIONS count=23700000000 sid=1407778 m=233 shapes=1410361 eparts=1052
EVALUATIONS count=23710000000 sid=1409809 m=333 shapes=1410361 eparts=1052
EVALUATIONS count=23720000000 sid=1308146 m=31 shapes=1412727 eparts=1054
EVALUATIONS count=23730000000 sid=1395743 m=85 shapes=1412727 eparts=1054
EVALUATIONS count=23740000000 sid=1312657 m=163 shapes=1412727 eparts=1054
EVALUATIONS count=23750000000 sid=513039 m=173 shapes=1412727 eparts=1054
EVALUATIONS count=23760000000 sid=669841 m=121 shapes=1412727 eparts=1054
EVALUATIONS count=23770000000 sid=652462 m=135 shapes=1412727 eparts=1054
EVALUATIONS count=23780000000 sid=652467 m=203 shapes=1412727 eparts=1054
EVALUATIONS count=23790000000 sid=512130 m=249 shapes=1412727 eparts=1054
EVALUATIONS count=23800000000 sid=1399605 m=247 shapes=1412727 eparts=1054
EVALUATIONS count=23810000000 sid=652499 m=237 shapes=1412727 eparts=1054
EVALUATIONS count=23820000000 sid=659739 m=293 shapes=1412727 eparts=1054
EVALUATIONS count=23830000000 sid=670149 m=315 shapes=1412727 eparts=1054
EVALUATIONS count=23840000000 sid=652462 m=271 shapes=1412727 eparts=1054
EVALUATIONS count=23850000000 sid=1300213 m=347 shapes=1412727 eparts=1054
EVALUATIONS count=23860000000 sid=511946 m=315 shapes=1412727 eparts=1054
EVALUATIONS count=23870000000 sid=671248 m=375 shapes=1412727 eparts=1054
EVALUATIONS count=23880000000 sid=669841 m=279 shapes=1412727 eparts=1054
EVALUATIONS count=23890000000 sid=1413887 m=149 shapes=1414678 eparts=1054
EVALUATIONS count=23900000000 sid=1353012 m=265 shapes=1414678 eparts=1054
EVALUATIONS count=23910000000 sid=1410365 m=339 shapes=1414678 eparts=1054
EVALUATIONS count=23920000000 sid=652380 m=59 shapes=1416736 eparts=1055
EVALUATIONS count=23930000000 sid=1414806 m=167 shapes=1416736 eparts=1055
EVALUATIONS count=23940000000 sid=1414678 m=153 shapes=1416736 eparts=1055
EVALUATIONS count=23950000000 sid=673536 m=275 shapes=1416736 eparts=1055
EVALUATIONS count=23960000000 sid=1414678 m=249 shapes=1416736 eparts=1055
EVALUATIONS count=23970000000 sid=658807 m=329 shapes=1416736 eparts=1055
EVALUATIONS count=23980000000 sid=1395646 m=113 shapes=1418708 eparts=1055
EVALUATIONS count=23990000000 sid=1395646 m=225 shapes=1418708 eparts=1055
SHAPES count=1420000 eparts=1058 scanned_to=407
EVALUATIONS count=24000000000 sid=1351702 m=103 shapes=1421318 eparts=1058
EVALUATIONS count=24010000000 sid=546855 m=33 shapes=1421420 eparts=1058
EVALUATIONS count=24020000000 sid=674268 m=145 shapes=1421420 eparts=1058
EVALUATIONS count=24030000000 sid=571215 m=99 shapes=1421420 eparts=1058
EVALUATIONS count=24040000000 sid=571215 m=155 shapes=1421420 eparts=1058
EVALUATIONS count=24050000000 sid=573927 m=263 shapes=1421420 eparts=1058
EVALUATIONS count=24060000000 sid=1338775 m=173 shapes=1421420 eparts=1058
EVALUATIONS count=24070000000 sid=676281 m=317 shapes=1421420 eparts=1058
EVALUATIONS count=24080000000 sid=575134 m=345 shapes=1421420 eparts=1058
EVALUATIONS count=24090000000 sid=675400 m=353 shapes=1421420 eparts=1058
EVALUATIONS count=24100000000 sid=1338775 m=307 shapes=1421420 eparts=1058
EVALUATIONS count=24110000000 sid=676847 m=57 shapes=1424447 eparts=1061
EVALUATIONS count=24120000000 sid=546557 m=173 shapes=1424447 eparts=1061
EVALUATIONS count=24130000000 sid=1338703 m=155 shapes=1424447 eparts=1061
EVALUATIONS count=24140000000 sid=571136 m=165 shapes=1424447 eparts=1061
EVALUATIONS count=24150000000 sid=545154 m=265 shapes=1424447 eparts=1061
EVALUATIONS count=24160000000 sid=571136 m=237 shapes=1424447 eparts=1061
EVALUATIONS count=24170000000 sid=545322 m=277 shapes=1424447 eparts=1061
EVALUATIONS count=24180000000 sid=1423719 m=357 shapes=1424447 eparts=1061
EVALUATIONS count=24190000000 sid=1421516 m=351 shapes=1424447 eparts=1061
EVALUATIONS count=24200000000 sid=1421420 m=89 shapes=1427293 eparts=1061
EVALUATIONS count=24210000000 sid=1421420 m=167 shapes=1427293 eparts=1061
EVALUATIONS count=24220000000 sid=1421424 m=361 shapes=1427293 eparts=1061
EVALUATIONS count=24230000000 sid=674175 m=87 shapes=1429368 eparts=1062
EVALUATIONS count=24240000000 sid=297147 m=165 shapes=1429368 eparts=1062
EVALUATIONS count=24250000000 sid=297146 m=167 shapes=1429368 eparts=1062
EVALUATIONS count=24260000000 sid=297270 m=309 shapes=1429368 eparts=1062
EVALUATIONS count=24270000000 sid=1427293 m=287 shapes=1429368 eparts=1062
EVALUATIONS count=24280000000 sid=674177 m=359 shapes=1429368 eparts=1062
SHAPES count=1430000 eparts=1062 scanned_to=407
EVALUATIONS count=24290000000 sid=1418712 m=193 shapes=1431355 eparts=1062
EVALUATIONS count=24300000000 sid=1418708 m=263 shapes=1431355 eparts=1062
EVALUATIONS count=24310000000 sid=2559 m=137 shapes=1435454 eparts=1064
EVALUATIONS count=24320000000 sid=637741 m=107 shapes=1435454 eparts=1064
EVALUATIONS count=24330000000 sid=681579 m=147 shapes=1435454 eparts=1064
EVALUATIONS count=24340000000 sid=655522 m=141 shapes=1435454 eparts=1064
EVALUATIONS count=24350000000 sid=1431452 m=193 shapes=1435454 eparts=1064
EVALUATIONS count=24360000000 sid=681623 m=295 shapes=1435454 eparts=1064
EVALUATIONS count=24370000000 sid=637818 m=289 shapes=1435454 eparts=1064
EVALUATIONS count=24380000000 sid=655522 m=285 shapes=1435454 eparts=1064
EVALUATIONS count=24390000000 sid=575204 m=193 shapes=1437526 eparts=1064
EVALUATIONS count=24400000000 sid=1431355 m=241 shapes=1437526 eparts=1064
EVALUATIONS count=24410000000 sid=652202 m=87 shapes=1439732 eparts=1065
EVALUATIONS count=24420000000 sid=657815 m=171 shapes=1439732 eparts=1065
EVALUATIONS count=24430000000 sid=1437526 m=107 shapes=1439732 eparts=1065
EVALUATIONS count=24440000000 sid=652293 m=163 shapes=1439732 eparts=1065
EVALUATIONS count=24450000000 sid=35427 m=305 shapes=1439732 eparts=1065
EVALUATIONS count=24460000000 sid=652293 m=271 shapes=1439732 eparts=1065
EVALUATIONS count=24470000000 sid=658147 m=375 shapes=1439732 eparts=1065
SHAPES count=1440000 eparts=1066 scanned_to=407
EVALUATIONS count=24480000000 sid=1416785 m=197 shapes=1441956 eparts=1066
EVALUATIONS count=24490000000 sid=686560 m=309 shapes=1441956 eparts=1066
EVALUATIONS count=24500000000 sid=1442427 m=101 shapes=1444078 eparts=1066
EVALUATIONS count=24510000000 sid=658697 m=241 shapes=1444078 eparts=1066
EVALUATIONS count=24520000000 sid=1442808 m=351 shapes=1444078 eparts=1066
EVALUATIONS count=24530000000 sid=1298790 m=37 shapes=1446310 eparts=1069
EVALUATIONS count=24540000000 sid=204 m=147 shapes=1446310 eparts=1069
EVALUATIONS count=24550000000 sid=475443 m=163 shapes=1446310 eparts=1069
EVALUATIONS count=24560000000 sid=517861 m=105 shapes=1446310 eparts=1069
EVALUATIONS count=24570000000 sid=1444627 m=171 shapes=1446310 eparts=1069
EVALUATIONS count=24580000000 sid=475769 m=177 shapes=1446310 eparts=1069
EVALUATIONS count=24590000000 sid=590717 m=177 shapes=1446310 eparts=1069
EVALUATIONS count=24600000000 sid=1299588 m=235 shapes=1446310 eparts=1069
EVALUATIONS count=24610000000 sid=168118 m=269 shapes=1446310 eparts=1069
EVALUATIONS count=24620000000 sid=687712 m=193 shapes=1446310 eparts=1069
EVALUATIONS count=24630000000 sid=1298790 m=219 shapes=1446310 eparts=1069
EVALUATIONS count=24640000000 sid=486492 m=281 shapes=1446310 eparts=1069
EVALUATIONS count=24650000000 sid=204 m=339 shapes=1446310 eparts=1069
EVALUATIONS count=24660000000 sid=1445660 m=355 shapes=1446310 eparts=1069
EVALUATIONS count=24670000000 sid=1444270 m=305 shapes=1446310 eparts=1069
EVALUATIONS count=24680000000 sid=591675 m=391 shapes=1446310 eparts=1069
EVALUATIONS count=24690000000 sid=178998 m=121 shapes=1447997 eparts=1070
EVALUATIONS count=24700000000 sid=646764 m=145 shapes=1448494 eparts=1070
EVALUATIONS count=24710000000 sid=215289 m=203 shapes=1448494 eparts=1070
EVALUATIONS count=24720000000 sid=1446484 m=245 shapes=1448494 eparts=1070
EVALUATIONS count=24730000000 sid=1446310 m=205 shapes=1448494 eparts=1070
EVALUATIONS count=24740000000 sid=1446310 m=237 shapes=1448494 eparts=1070
EVALUATIONS count=24750000000 sid=693351 m=357 shapes=1448494 eparts=1070
SHAPES count=1450000 eparts=1070 scanned_to=407
EVALUATIONS count=24760000000 sid=1444177 m=47 shapes=1450591 eparts=1070
EVALUATIONS count=24770000000 sid=1444177 m=85 shapes=1450591 eparts=1070
EVALUATIONS count=24780000000 sid=648833 m=221 shapes=1450591 eparts=1070
EVALUATIONS count=24790000000 sid=648415 m=269 shapes=1450591 eparts=1070
EVALUATIONS count=24800000000 sid=645683 m=317 shapes=1450591 eparts=1070
EVALUATIONS count=24810000000 sid=5449 m=365 shapes=1450591 eparts=1070
EVALUATIONS count=24820000000 sid=649391 m=125 shapes=1452765 eparts=1071
EVALUATIONS count=24830000000 sid=648864 m=89 shapes=1452765 eparts=1071
EVALUATIONS count=24840000000 sid=1450722 m=197 shapes=1452765 eparts=1071
EVALUATIONS count=24850000000 sid=648864 m=177 shapes=1452765 eparts=1071
EVALUATIONS count=24860000000 sid=484421 m=269 shapes=1452765 eparts=1071
EVALUATIONS count=24870000000 sid=560174 m=295 shapes=1452765 eparts=1071
EVALUATIONS count=24880000000 sid=199 m=341 shapes=1452765 eparts=1071
EVALUATIONS count=24890000000 sid=559389 m=337 shapes=1452765 eparts=1071
EVALUATIONS count=24900000000 sid=1452765 m=65 shapes=1455120 eparts=1072
EVALUATIONS count=24910000000 sid=649975 m=57 shapes=1455120 eparts=1072
EVALUATIONS count=24920000000 sid=1452765 m=147 shapes=1455120 eparts=1072
EVALUATIONS count=24930000000 sid=1453072 m=235 shapes=1455120 eparts=1072
EVALUATIONS count=24940000000 sid=1399425 m=317 shapes=1455120 eparts=1072
EVALUATIONS count=24950000000 sid=197 m=363 shapes=1455120 eparts=1072
EVALUATIONS count=24960000000 sid=694450 m=121 shapes=1457394 eparts=1072
EVALUATIONS count=24970000000 sid=700233 m=105 shapes=1457394 eparts=1072
EVALUATIONS count=24980000000 sid=706766 m=203 shapes=1457394 eparts=1072
EVALUATIONS count=24990000000 sid=1444079 m=227 shapes=1457394 eparts=1072
EVALUATIONS count=25000000000 sid=1456304 m=305 shapes=1457394 eparts=1072
EVALUATIONS count=25010000000 sid=700233 m=275 shapes=1457394 eparts=1072
EVALUATIONS count=25020000000 sid=1444078 m=309 shapes=1457394 eparts=1072
SHAPES count=1460000 eparts=1076 scanned_to=407
EVALUATIONS count=25030000000 sid=1379275 m=83 shapes=1460153 eparts=1076
EVALUATIONS count=25040000000 sid=1379852 m=127 shapes=1460153 eparts=1076
EVALUATIONS count=25050000000 sid=614179 m=111 shapes=1460153 eparts=1076
EVALUATIONS count=25060000000 sid=28876 m=185 shapes=1460153 eparts=1076
EVALUATIONS count=25070000000 sid=614360 m=203 shapes=1460153 eparts=1076
EVALUATIONS count=25080000000 sid=1298715 m=177 shapes=1460153 eparts=1076
EVALUATIONS count=25090000000 sid=325444 m=157 shapes=1460153 eparts=1076
EVALUATIONS count=25100000000 sid=1314991 m=159 shapes=1460153 eparts=1076
EVALUATIONS count=25110000000 sid=1457697 m=173 shapes=1460153 eparts=1076
EVALUATIONS count=25120000000 sid=472912 m=289 shapes=1460153 eparts=1076
EVALUATIONS count=25130000000 sid=322611 m=255 shapes=1460153 eparts=1076
EVALUATIONS count=25140000000 sid=1298717 m=283 shapes=1460153 eparts=1076
EVALUATIONS count=25150000000 sid=688824 m=339 shapes=1460153 eparts=1076
EVALUATIONS count=25160000000 sid=1457697 m=281 shapes=1460153 eparts=1076
EVALUATIONS count=25170000000 sid=714528 m=371 shapes=1460153 eparts=1076
EVALUATIONS count=25180000000 sid=323836 m=389 shapes=1460153 eparts=1076
EVALUATIONS count=25190000000 sid=714200 m=383 shapes=1460153 eparts=1076
EVALUATIONS count=25200000000 sid=1457603 m=87 shapes=1462519 eparts=1076
EVALUATIONS count=25210000000 sid=1457603 m=155 shapes=1462519 eparts=1076
EVALUATIONS count=25220000000 sid=1317488 m=311 shapes=1462519 eparts=1076
EVALUATIONS count=25230000000 sid=1460207 m=359 shapes=1462519 eparts=1076
EVALUATIONS count=25240000000 sid=484449 m=139 shapes=1465015 eparts=1077
EVALUATIONS count=25250000000 sid=1462519 m=65 shapes=1465015 eparts=1077
EVALUATIONS count=25260000000 sid=714026 m=137 shapes=1465015 eparts=1077
EVALUATIONS count=25270000000 sid=325360 m=171 shapes=1465015 eparts=1077
EVALUATIONS count=25280000000 sid=1402221 m=295 shapes=1465015 eparts=1077
EVALUATIONS count=25290000000 sid=1463146 m=301 shapes=1465015 eparts=1077
EVALUATIONS count=25300000000 sid=1462519 m=251 shapes=1465015 eparts=1077
EVALUATIONS count=25310000000 sid=484422 m=407 shapes=1465015 eparts=1077
EVALUATIONS count=25320000000 sid=1457506 m=141 shapes=1467426 eparts=1077
EVALUATIONS count=25330000000 sid=1465916 m=305 shapes=1467426 eparts=1077
EVALUATIONS count=25340000000 sid=1457508 m=339 shapes=1467426 eparts=1077
SHAPES count=1470000 eparts=1080 scanned_to=407
EVALUATIONS count=25350000000 sid=1469292 m=133 shapes=1470387 eparts=1080
EVALUATIONS count=25360000000 sid=723555 m=117 shapes=1470387 eparts=1080
EVALUATIONS count=25370000000 sid=204 m=211 shapes=1470387 eparts=1080
EVALUATIONS count=25380000000 sid=723555 m=161 shapes=1470387 eparts=1080
EVALUATIONS count=25390000000 sid=723555 m=171 shapes=1470387 eparts=1080
EVALUATIONS count=25400000000 sid=1467627 m=233 shapes=1470387 eparts=1080
EVALUATIONS count=25410000000 sid=1467627 m=283 shapes=1470387 eparts=1080
EVALUATIONS count=25420000000 sid=1467627 m=255 shapes=1470387 eparts=1080
EVALUATIONS count=25430000000 sid=1469749 m=397 shapes=1470387 eparts=1080
EVALUATIONS count=25440000000 sid=1467528 m=73 shapes=1473064 eparts=1080
EVALUATIONS count=25450000000 sid=1308151 m=217 shapes=1473064 eparts=1080
EVALUATIONS count=25460000000 sid=1320276 m=277 shapes=1473064 eparts=1080
EVALUATIONS count=25470000000 sid=1470789 m=311 shapes=1473064 eparts=1080
EVALUATIONS count=25480000000 sid=5985 m=393 shapes=1473064 eparts=1080
EVALUATIONS count=25490000000 sid=212319 m=155 shapes=1475837 eparts=1081
EVALUATIONS count=25500000000 sid=1473064 m=129 shapes=1475837 eparts=1081
EVALUATIONS count=25510000000 sid=2678 m=245 shapes=1475837 eparts=1081
EVALUATIONS count=25520000000 sid=2552 m=291 shapes=1475837 eparts=1081
EVALUATIONS count=25530000000 sid=591883 m=337 shapes=1475837 eparts=1081
EVALUATIONS count=25540000000 sid=1473064 m=269 shapes=1475837 eparts=1081
EVALUATIONS count=25550000000 sid=1467426 m=47 shapes=1478526 eparts=1081
EVALUATIONS count=25560000000 sid=1477824 m=235 shapes=1478526 eparts=1081
EVALUATIONS count=25570000000 sid=1467426 m=249 shapes=1478526 eparts=1081
SHAPES count=1480000 eparts=1084 scanned_to=407
EVALUATIONS count=25580000000 sid=1478735 m=41 shapes=1480175 eparts=1084
EVALUATIONS count=25590000000 sid=1481335 m=153 shapes=1481655 eparts=1084
EVALUATIONS count=25600000000 sid=732869 m=173 shapes=1481655 eparts=1084
EVALUATIONS count=25610000000 sid=733005 m=227 shapes=1481655 eparts=1084
EVALUATIONS count=25620000000 sid=732958 m=263 shapes=1481655 eparts=1084
EVALUATIONS count=25630000000 sid=732592 m=243 shapes=1481655 eparts=1084
EVALUATIONS count=25640000000 sid=1478737 m=327 shapes=1481655 eparts=1084
EVALUATIONS count=25650000000 sid=732538 m=135 shapes=1484477 eparts=1084
EVALUATIONS count=25660000000 sid=1482137 m=141 shapes=1484477 eparts=1084
EVALUATIONS count=25670000000 sid=1478633 m=111 shapes=1484477 eparts=1084
EVALUATIONS count=25680000000 sid=732495 m=211 shapes=1484477 eparts=1084
EVALUATIONS count=25690000000 sid=1478633 m=221 shapes=1484477 eparts=1084
EVALUATIONS count=25700000000 sid=1478633 m=283 shapes=1484477 eparts=1084
EVALUATIONS count=25710000000 sid=714033 m=393 shapes=1484477 eparts=1084
EVALUATIONS count=25720000000 sid=1484581 m=83 shapes=1487565 eparts=1086
EVALUATIONS count=25730000000 sid=1484583 m=209 shapes=1487565 eparts=1086
EVALUATIONS count=25740000000 sid=1484581 m=263 shapes=1487565 eparts=1086
EVALUATIONS count=25750000000 sid=1484502 m=99 shapes=1487805 eparts=1086
SHAPES count=1490000 eparts=1086 scanned_to=407
EVALUATIONS count=25760000000 sid=1484477 m=79 shapes=1490446 eparts=1086
EVALUATIONS count=25770000000 sid=1490409 m=275 shapes=1490446 eparts=1086
EVALUATIONS count=25780000000 sid=1484477 m=279 shapes=1490446 eparts=1086
EVALUATIONS count=25790000000 sid=1490446 m=27 shapes=1493436 eparts=1087
EVALUATIONS count=25800000000 sid=1490446 m=121 shapes=1493436 eparts=1087
EVALUATIONS count=25810000000 sid=1490448 m=241 shapes=1493436 eparts=1087
EVALUATIONS count=25820000000 sid=1491769 m=371 shapes=1493436 eparts=1087
EVALUATIONS count=25830000000 sid=1478574 m=101 shapes=1496322 eparts=1087
EVALUATIONS count=25840000000 sid=1478526 m=141 shapes=1496322 eparts=1087
EVALUATIONS count=25850000000 sid=1478526 m=199 shapes=1496322 eparts=1087
EVALUATIONS count=25860000000 sid=1478527 m=307 shapes=1496322 eparts=1087
EVALUATIONS count=25870000000 sid=1496429 m=93 shapes=1499370 eparts=1089
EVALUATIONS count=25880000000 sid=737825 m=87 shapes=1499370 eparts=1089
EVALUATIONS count=25890000000 sid=737827 m=179 shapes=1499370 eparts=1089
EVALUATIONS count=25900000000 sid=95070 m=281 shapes=1499370 eparts=1089
EVALUATIONS count=25910000000 sid=737825 m=251 shapes=1499370 eparts=1089
EVALUATIONS count=25920000000 sid=737826 m=315 shapes=1499370 eparts=1089
SHAPES count=1500000 eparts=1089 scanned_to=407
EVALUATIONS count=25930000000 sid=1483443 m=123 shapes=1502218 eparts=1089
EVALUATIONS count=25940000000 sid=723358 m=97 shapes=1502218 eparts=1089
EVALUATIONS count=25950000000 sid=1496322 m=89 shapes=1502218 eparts=1089
EVALUATIONS count=25960000000 sid=1496322 m=149 shapes=1502218 eparts=1089
EVALUATIONS count=25970000000 sid=197 m=291 shapes=1502218 eparts=1089
EVALUATIONS count=25980000000 sid=1500634 m=323 shapes=1502218 eparts=1089
EVALUATIONS count=25990000000 sid=723362 m=329 shapes=1502218 eparts=1089
EVALUATIONS count=26000000000 sid=1502326 m=51 shapes=1505336 eparts=1091
EVALUATIONS count=26010000000 sid=1502326 m=127 shapes=1505336 eparts=1091
EVALUATIONS count=26020000000 sid=1503450 m=275 shapes=1505336 eparts=1091
EVALUATIONS count=26030000000 sid=1502993 m=349 shapes=1505336 eparts=1091
EVALUATIONS count=26040000000 sid=1502218 m=61 shapes=1508241 eparts=1091
EVALUATIONS count=26050000000 sid=5288 m=231 shapes=1508241 eparts=1091
EVALUATIONS count=26060000000 sid=547869 m=307 shapes=1508241 eparts=1091
EVALUATIONS count=26070000000 sid=648069 m=383 shapes=1508241 eparts=1091
SHAPES count=1510000 eparts=1092 scanned_to=407
EVALUATIONS count=26080000000 sid=1508241 m=81 shapes=1511269 eparts=1092
EVALUATIONS count=26090000000 sid=1508362 m=189 shapes=1511269 eparts=1092
EVALUATIONS count=26100000000 sid=214263 m=321 shapes=1511269 eparts=1092
EVALUATIONS count=26110000000 sid=1450289 m=397 shapes=1511269 eparts=1092
EVALUATIONS count=26120000000 sid=1513865 m=173 shapes=1514193 eparts=1092
EVALUATIONS count=26130000000 sid=1457394 m=185 shapes=1514193 eparts=1092
EVALUATIONS count=26140000000 sid=1512193 m=319 shapes=1514193 eparts=1092
EVALUATIONS count=26150000000 sid=1457394 m=319 shapes=1514193 eparts=1092
EVALUATIONS count=26160000000 sid=1514405 m=129 shapes=1517047 eparts=1095
EVALUATIONS count=26170000000 sid=765419 m=153 shapes=1517047 eparts=1095
EVALUATIONS count=26180000000 sid=349390 m=197 shapes=1517047 eparts=1095
EVALUATIONS count=26190000000 sid=197 m=273 shapes=1517047 eparts=1095
EVALUATIONS count=26200000000 sid=349388 m=217 shapes=1517047 eparts=1095
EVALUATIONS count=26210000000 sid=765417 m=293 shapes=1517047 eparts=1095
EVALUATIONS count=26220000000 sid=767855 m=379 shapes=1517047 eparts=1095
EVALUATIONS count=26230000000 sid=1514298 m=91 shapes=1519606 eparts=1095
EVALUATIONS count=26240000000 sid=1514297 m=211 shapes=1519606 eparts=1095
EVALUATIONS count=26250000000 sid=1451707 m=345 shapes=1519606 eparts=1095
SHAPES count=1520000 eparts=1096 scanned_to=407
EVALUATIONS count=26260000000 sid=1522009 m=131 shapes=1522316 eparts=1096
EVALUATIONS count=26270000000 sid=1519606 m=77 shapes=1522316 eparts=1096
EVALUATIONS count=26280000000 sid=1519606 m=101 shapes=1522316 eparts=1096
EVALUATIONS count=26290000000 sid=765320 m=135 shapes=1522316 eparts=1096
EVALUATIONS count=26300000000 sid=765320 m=173 shapes=1522316 eparts=1096
EVALUATIONS count=26310000000 sid=348189 m=217 shapes=1522316 eparts=1096
EVALUATIONS count=26320000000 sid=310116 m=355 shapes=1522316 eparts=1096
EVALUATIONS count=26330000000 sid=348189 m=301 shapes=1522316 eparts=1096
EVALUATIONS count=26340000000 sid=1514196 m=121 shapes=1524943 eparts=1096
EVALUATIONS count=26350000000 sid=1317325 m=257 shapes=1524943 eparts=1096
EVALUATIONS count=26360000000 sid=1514193 m=263 shapes=1524943 eparts=1096
EVALUATIONS count=26370000000 sid=776235 m=35 shapes=1528184 eparts=1099
EVALUATIONS count=26380000000 sid=1525158 m=81 shapes=1528184 eparts=1099
EVALUATIONS count=26390000000 sid=1467871 m=221 shapes=1528184 eparts=1099
EVALUATIONS count=26400000000 sid=778144 m=265 shapes=1528184 eparts=1099
EVALUATIONS count=26410000000 sid=1525743 m=281 shapes=1528184 eparts=1099
EVALUATIONS count=26420000000 sid=1525158 m=265 shapes=1528184 eparts=1099
EVALUATIONS count=26430000000 sid=1525158 m=323 shapes=1528184 eparts=1099
SHAPES count=1530000 eparts=1099 scanned_to=407
EVALUATIONS count=26440000000 sid=1525052 m=79 shapes=1531129 eparts=1099
EVALUATIONS count=26450000000 sid=1525053 m=227 shapes=1531129 eparts=1099
EVALUATIONS count=26460000000 sid=1525052 m=243 shapes=1531129 eparts=1099
EVALUATIONS count=26470000000 sid=776134 m=13 shapes=1534194 eparts=1100
EVALUATIONS count=26480000000 sid=1532008 m=145 shapes=1534194 eparts=1100
EVALUATIONS count=26490000000 sid=781138 m=183 shapes=1534194 eparts=1100
EVALUATIONS count=26500000000 sid=776134 m=177 shapes=1534194 eparts=1100
EVALUATIONS count=26510000000 sid=776134 m=229 shapes=1534194 eparts=1100
EVALUATIONS count=26520000000 sid=776134 m=299 shapes=1534194 eparts=1100
EVALUATIONS count=26530000000 sid=1526464 m=385 shapes=1534194 eparts=1100
EVALUATIONS count=26540000000 sid=1535588 m=155 shapes=1537181 eparts=1100
EVALUATIONS count=26550000000 sid=1524943 m=133 shapes=1537181 eparts=1100
EVALUATIONS count=26560000000 sid=1524944 m=241 shapes=1537181 eparts=1100
EVALUATIONS count=26570000000 sid=1535361 m=387 shapes=1537181 eparts=1100
EPARTS count=1100 shapes=1537181 scanned_to=407
SHAPES count=1540000 eparts=1103 scanned_to=407
EVALUATIONS count=26580000000 sid=783940 m=63 shapes=1540632 eparts=1103
EVALUATIONS count=26590000000 sid=783940 m=131 shapes=1540632 eparts=1103
EVALUATIONS count=26600000000 sid=1537410 m=187 shapes=1540632 eparts=1103
EVALUATIONS count=26610000000 sid=1537548 m=231 shapes=1540632 eparts=1103
EVALUATIONS count=26620000000 sid=776501 m=315 shapes=1540632 eparts=1103
EVALUATIONS count=26630000000 sid=1537406 m=321 shapes=1540632 eparts=1103
EVALUATIONS count=26640000000 sid=1538003 m=371 shapes=1540632 eparts=1103
EVALUATIONS count=26650000000 sid=786983 m=137 shapes=1543760 eparts=1103
EVALUATIONS count=26660000000 sid=1537298 m=131 shapes=1543760 eparts=1103
EVALUATIONS count=26670000000 sid=549356 m=231 shapes=1543760 eparts=1103
EVALUATIONS count=26680000000 sid=783836 m=183 shapes=1543760 eparts=1103
EVALUATIONS count=26690000000 sid=1543114 m=313 shapes=1543760 eparts=1103
EVALUATIONS count=26700000000 sid=1537296 m=289 shapes=1543760 eparts=1103
EVALUATIONS count=26710000000 sid=2253 m=393 shapes=1543760 eparts=1103
EVALUATIONS count=26720000000 sid=1543872 m=73 shapes=1547179 eparts=1105
EVALUATIONS count=26730000000 sid=1545210 m=239 shapes=1547179 eparts=1105
EVALUATIONS count=26740000000 sid=1543872 m=225 shapes=1547179 eparts=1105
EVALUATIONS count=26750000000 sid=1544786 m=345 shapes=1547179 eparts=1105
SHAPES count=1550000 eparts=1105 scanned_to=407
EVALUATIONS count=26760000000 sid=1543762 m=99 shapes=1550378 eparts=1105
EVALUATIONS count=26770000000 sid=1530835 m=241 shapes=1550378 eparts=1105
EVALUATIONS count=26780000000 sid=1543760 m=209 shapes=1550378 eparts=1105
EVALUATIONS count=26790000000 sid=1388079 m=385 shapes=1550378 eparts=1105
EVALUATIONS count=26800000000 sid=1550378 m=75 shapes=1553703 eparts=1106
EVALUATIONS count=26810000000 sid=1550378 m=145 shapes=1553703 eparts=1106
EVALUATIONS count=26820000000 sid=1550428 m=249 shapes=1553703 eparts=1106
EVALUATIONS count=26830000000 sid=1550378 m=293 shapes=1553703 eparts=1106
EVALUATIONS count=26840000000 sid=1554024 m=137 shapes=1556921 eparts=1106
EVALUATIONS count=26850000000 sid=1537181 m=157 shapes=1556921 eparts=1106
EVALUATIONS count=26860000000 sid=1554043 m=281 shapes=1556921 eparts=1106
EVALUATIONS count=26870000000 sid=1553736 m=341 shapes=1556921 eparts=1106
SHAPES count=1560000 eparts=1108 scanned_to=407
EVALUATIONS count=26880000000 sid=392188 m=141 shapes=1560327 eparts=1108
EVALUATIONS count=26890000000 sid=791584 m=159 shapes=1560327 eparts=1108
EVALUATIONS count=26900000000 sid=789677 m=165 shapes=1560327 eparts=1108
EVALUATIONS count=26910000000 sid=198 m=261 shapes=1560327 eparts=1108
EVALUATIONS count=26920000000 sid=1559875 m=301 shapes=1560327 eparts=1108
EVALUATIONS count=26930000000 sid=789678 m=275 shapes=1560327 eparts=1108
EVALUATIONS count=26940000000 sid=790251 m=355 shapes=1560327 eparts=1108
EVALUATIONS count=26950000000 sid=687185 m=133 shapes=1563533 eparts=1108
EVALUATIONS count=26960000000 sid=1557003 m=143 shapes=1563533 eparts=1108
EVALUATIONS count=26970000000 sid=1561061 m=179 shapes=1563533 eparts=1108
EVALUATIONS count=26980000000 sid=1561840 m=241 shapes=1563533 eparts=1108
EVALUATIONS count=26990000000 sid=1558945 m=289 shapes=1563533 eparts=1108
EVALUATIONS count=27000000000 sid=1500564 m=329 shapes=1563533 eparts=1108
EVALUATIONS count=27010000000 sid=685571 m=369 shapes=1563533 eparts=1108
EVALUATIONS count=27020000000 sid=1556921 m=301 shapes=1563533 eparts=1108
EVALUATIONS count=27030000000 sid=1563654 m=141 shapes=1567034 eparts=1110
EVALUATIONS count=27040000000 sid=1563820 m=217 shapes=1567034 eparts=1110
EVALUATIONS count=27050000000 sid=1563649 m=215 shapes=1567034 eparts=1110
EVALUATIONS count=27060000000 sid=1566767 m=399 shapes=1567034 eparts=1110
SHAPES count=1570000 eparts=1110 scanned_to=407
EVALUATIONS count=27070000000 sid=2265 m=179 shapes=1570312 eparts=1110
EVALUATIONS count=27080000000 sid=201 m=249 shapes=1570312 eparts=1110
EVALUATIONS count=27090000000 sid=1568700 m=307 shapes=1570312 eparts=1110
EVALUATIONS count=27100000000 sid=1535864 m=387 shapes=1570312 eparts=1110
EVALUATIONS count=27110000000 sid=1570312 m=89 shapes=1573739 eparts=1111
EVALUATIONS count=27120000000 sid=389442 m=237 shapes=1573739 eparts=1111
EVALUATIONS count=27130000000 sid=1572024 m=293 shapes=1573739 eparts=1111
EVALUATIONS count=27140000000 sid=1571374 m=333 shapes=1573739 eparts=1111
EVALUATIONS count=27150000000 sid=202 m=153 shapes=1577184 eparts=1112
EVALUATIONS count=27160000000 sid=1573741 m=169 shapes=1577184 eparts=1112
EVALUATIONS count=27170000000 sid=1546 m=289 shapes=1577184 eparts=1112
EVALUATIONS count=27180000000 sid=1575932 m=335 shapes=1577184 eparts=1112
SHAPES count=1580000 eparts=1112 scanned_to=407
EVALUATIONS count=27190000000 sid=197 m=135 shapes=1580509 eparts=1112
EVALUATIONS count=27200000000 sid=1577437 m=167 shapes=1580509 eparts=1112
EVALUATIONS count=27210000000 sid=197 m=269 shapes=1580509 eparts=1112
EVALUATIONS count=27220000000 sid=1577196 m=275 shapes=1580509 eparts=1112
EVALUATIONS count=27230000000 sid=1560699 m=401 shapes=1580509 eparts=1112
EVALUATIONS count=27240000000 sid=1581265 m=167 shapes=1582026 eparts=1118
EVALUATIONS count=27250000000 sid=498041 m=205 shapes=1582026 eparts=1118
EVALUATIONS count=27260000000 sid=497783 m=153 shapes=1582026 eparts=1118
EVALUATIONS count=27270000000 sid=818169 m=301 shapes=1582026 eparts=1118
EVALUATIONS count=27280000000 sid=475362 m=371 shapes=1582026 eparts=1118
EVALUATIONS count=27290000000 sid=202 m=125 shapes=1584133 eparts=1119
EVALUATIONS count=27300000000 sid=832927 m=87 shapes=1584133 eparts=1119
EVALUATIONS count=27310000000 sid=1582026 m=93 shapes=1584133 eparts=1119
EVALUATIONS count=27320000000 sid=1302642 m=93 shapes=1584133 eparts=1119
EVALUATIONS count=27330000000 sid=474113 m=183 shapes=1584133 eparts=1119
EVALUATIONS count=27340000000 sid=832935 m=179 shapes=1584133 eparts=1119
EVALUATIONS count=27350000000 sid=1321729 m=175 shapes=1584133 eparts=1119
EVALUATIONS count=27360000000 sid=1322133 m=193 shapes=1584133 eparts=1119
EVALUATIONS count=27370000000 sid=564815 m=151 shapes=1584133 eparts=1119
EVALUATIONS count=27380000000 sid=481202 m=149 shapes=1584133 eparts=1119
EVALUATIONS count=27390000000 sid=204 m=275 shapes=1584133 eparts=1119
EVALUATIONS count=27400000000 sid=475739 m=289 shapes=1584133 eparts=1119
EVALUATIONS count=27410000000 sid=1321728 m=211 shapes=1584133 eparts=1119
EVALUATIONS count=27420000000 sid=488826 m=319 shapes=1584133 eparts=1119
EVALUATIONS count=27430000000 sid=1354932 m=319 shapes=1584133 eparts=1119
EVALUATIONS count=27440000000 sid=524330 m=273 shapes=1584133 eparts=1119
EVALUATIONS count=27450000000 sid=1321728 m=315 shapes=1584133 eparts=1119
EVALUATIONS count=27460000000 sid=1582373 m=377 shapes=1584133 eparts=1119
EVALUATIONS count=27470000000 sid=578356 m=289 shapes=1584133 eparts=1119
EVALUATIONS count=27480000000 sid=1355642 m=393 shapes=1584133 eparts=1119
EVALUATIONS count=27490000000 sid=832107 m=41 shapes=1586232 eparts=1119
EVALUATIONS count=27500000000 sid=491445 m=171 shapes=1586232 eparts=1119
EVALUATIONS count=27510000000 sid=200 m=195 shapes=1586232 eparts=1119
EVALUATIONS count=27520000000 sid=197 m=221 shapes=1586232 eparts=1119
EVALUATIONS count=27530000000 sid=524247 m=145 shapes=1586232 eparts=1119
EVALUATIONS count=27540000000 sid=490546 m=271 shapes=1586232 eparts=1119
EVALUATIONS count=27550000000 sid=1321645 m=199 shapes=1586232 eparts=1119
EVALUATIONS count=27560000000 sid=488624 m=247 shapes=1586232 eparts=1119
EVALUATIONS count=27570000000 sid=825784 m=331 shapes=1586232 eparts=1119
EVALUATIONS count=27580000000 sid=823046 m=285 shapes=1586232 eparts=1119
EVALUATIONS count=27590000000 sid=832197 m=291 shapes=1586232 eparts=1119
EVALUATIONS count=27600000000 sid=1361365 m=119 shapes=1589931 eparts=1123
EVALUATIONS count=27610000000 sid=1587756 m=133 shapes=1589931 eparts=1123
EVALUATIONS count=27620000000 sid=1586427 m=119 shapes=1589931 eparts=1123
EVALUATIONS count=27630000000 sid=5529 m=187 shapes=1589931 eparts=1123
EVALUATIONS count=27640000000 sid=1344475 m=153 shapes=1589931 eparts=1123
EVALUATIONS count=27650000000 sid=555608 m=203 shapes=1589931 eparts=1123
EVALUATIONS count=27660000000 sid=1586427 m=181 shapes=1589931 eparts=1123
EVALUATIONS count=27670000000 sid=1344522 m=255 shapes=1589931 eparts=1123
EVALUATIONS count=27680000000 sid=1588604 m=283 shapes=1589931 eparts=1123
EVALUATIONS count=27690000000 sid=1586427 m=201 shapes=1589931 eparts=1123
EVALUATIONS count=27700000000 sid=940889 m=315 shapes=1589931 eparts=1123
EVALUATIONS count=27710000000 sid=584410 m=307 shapes=1589931 eparts=1123
EVALUATIONS count=27720000000 sid=1586427 m=305 shapes=1589931 eparts=1123
EVALUATIONS count=27730000000 sid=1586427 m=337 shapes=1589931 eparts=1123
SHAPES count=1590000 eparts=1123 scanned_to=407
EVALUATIONS count=27740000000 sid=1586330 m=41 shapes=1592311 eparts=1123
EVALUATIONS count=27750000000 sid=1359643 m=95 shapes=1592311 eparts=1123
EVALUATIONS count=27760000000 sid=1586330 m=147 shapes=1592311 eparts=1123
EVALUATIONS count=27770000000 sid=473159 m=299 shapes=1592311 eparts=1123
EVALUATIONS count=27780000000 sid=1586330 m=273 shapes=1592311 eparts=1123
EVALUATIONS count=27790000000 sid=1592311 m=67 shapes=1595863 eparts=1124
EVALUATIONS count=27800000000 sid=1593148 m=179 shapes=1595863 eparts=1124
EVALUATIONS count=27810000000 sid=938886 m=127 shapes=1595863 eparts=1124
EVALUATIONS count=27820000000 sid=938886 m=183 shapes=1595863 eparts=1124
EVALUATIONS count=27830000000 sid=1592311 m=277 shapes=1595863 eparts=1124
EVALUATIONS count=27840000000 sid=203 m=381 shapes=1595863 eparts=1124
EVALUATIONS count=27850000000 sid=1596423 m=145 shapes=1598284 eparts=1124
EVALUATIONS count=27860000000 sid=1596757 m=237 shapes=1598284 eparts=1124
EVALUATIONS count=27870000000 sid=1586232 m=261 shapes=1598284 eparts=1124
SHAPES count=1600000 eparts=1126 scanned_to=407
EVALUATIONS count=27880000000 sid=524160 m=75 shapes=1601014 eparts=1126
EVALUATIONS count=27890000000 sid=1598384 m=63 shapes=1601014 eparts=1126
EVALUATIONS count=27900000000 sid=202 m=197 shapes=1601014 eparts=1126
EVALUATIONS count=27910000000 sid=1598384 m=133 shapes=1601014 eparts=1126
EVALUATIONS count=27920000000 sid=1020037 m=193 shapes=1601014 eparts=1126
EVALUATIONS count=27930000000 sid=531756 m=293 shapes=1601014 eparts=1126
EVALUATIONS count=27940000000 sid=1600052 m=321 shapes=1601014 eparts=1126
EVALUATIONS count=27950000000 sid=1020038 m=307 shapes=1601014 eparts=1126
EVALUATIONS count=27960000000 sid=1020037 m=337 shapes=1601014 eparts=1126
EVALUATIONS count=27970000000 sid=90182 m=159 shapes=1603553 eparts=1126
EVALUATIONS count=27980000000 sid=1602700 m=237 shapes=1603553 eparts=1126
EVALUATIONS count=27990000000 sid=832204 m=339 shapes=1603553 eparts=1126
EVALUATIONS count=28000000000 sid=1604483 m=97 shapes=1606366 eparts=1128
EVALUATIONS count=28010000000 sid=1024410 m=71 shapes=1606366 eparts=1128
EVALUATIONS count=28020000000 sid=1025680 m=221 shapes=1606366 eparts=1128
EVALUATIONS count=28030000000 sid=490996 m=271 shapes=1606366 eparts=1128
EVALUATIONS count=28040000000 sid=1025087 m=289 shapes=1606366 eparts=1128
EVALUATIONS count=28050000000 sid=944339 m=363 shapes=1606366 eparts=1128
EVALUATIONS count=28060000000 sid=1027976 m=121 shapes=1608474 eparts=1128
EVALUATIONS count=28070000000 sid=1027936 m=137 shapes=1608977 eparts=1128
EVALUATIONS count=28080000000 sid=1608939 m=211 shapes=1608977 eparts=1128
EVALUATIONS count=28090000000 sid=202 m=257 shapes=1608977 eparts=1128
EVALUATIONS count=28100000000 sid=1603553 m=199 shapes=1608977 eparts=1128
EVALUATIONS count=28110000000 sid=1019939 m=279 shapes=1608977 eparts=1128
EVALUATIONS count=28120000000 sid=197 m=395 shapes=1608977 eparts=1128
SHAPES count=1610000 eparts=1129 scanned_to=407
EVALUATIONS count=28130000000 sid=1608977 m=63 shapes=1611705 eparts=1129
EVALUATIONS count=28140000000 sid=1608977 m=215 shapes=1611705 eparts=1129
EVALUATIONS count=28150000000 sid=1609853 m=353 shapes=1611705 eparts=1129
EVALUATIONS count=28160000000 sid=832846 m=151 shapes=1614333 eparts=1129
EVALUATIONS count=28170000000 sid=1596279 m=235 shapes=1614333 eparts=1129
EVALUATIONS count=28180000000 sid=1580636 m=249 shapes=1614333 eparts=1129
EVALUATIONS count=28190000000 sid=1580636 m=319 shapes=1614333 eparts=1129
EVALUATIONS count=28200000000 sid=1616246 m=113 shapes=1617058 eparts=1131
EVALUATIONS count=28210000000 sid=333155 m=43 shapes=1617058 eparts=1131
EVALUATIONS count=28220000000 sid=837187 m=117 shapes=1617058 eparts=1131
EVALUATIONS count=28230000000 sid=492261 m=127 shapes=1617058 eparts=1131
EVALUATIONS count=28240000000 sid=1614435 m=111 shapes=1617058 eparts=1131
EVALUATIONS count=28250000000 sid=488900 m=203 shapes=1617058 eparts=1131
EVALUATIONS count=28260000000 sid=483875 m=217 shapes=1617058 eparts=1131
EVALUATIONS count=28270000000 sid=1370468 m=129 shapes=1617058 eparts=1131
EVALUATIONS count=28280000000 sid=1372042 m=225 shapes=1617058 eparts=1131
EVALUATIONS count=28290000000 sid=532480 m=177 shapes=1617058 eparts=1131
EVALUATIONS count=28300000000 sid=1303554 m=271 shapes=1617058 eparts=1131
EVALUATIONS count=28310000000 sid=492261 m=171 shapes=1617058 eparts=1131
EVALUATIONS count=28320000000 sid=1615509 m=285 shapes=1617058 eparts=1131
EVALUATIONS count=28330000000 sid=1370523 m=301 shapes=1617058 eparts=1131
EVALUATIONS count=28340000000 sid=594425 m=269 shapes=1617058 eparts=1131
EVALUATIONS count=28350000000 sid=1327217 m=277 shapes=1617058 eparts=1131
EVALUATIONS count=28360000000 sid=472940 m=353 shapes=1617058 eparts=1131
EVALUATIONS count=28370000000 sid=826988 m=367 shapes=1617058 eparts=1131
EVALUATIONS count=28380000000 sid=483696 m=373 shapes=1617058 eparts=1131
EVALUATIONS count=28390000000 sid=483549 m=379 shapes=1617058 eparts=1131
EVALUATIONS count=28400000000 sid=1302565 m=377 shapes=1617058 eparts=1131
EVALUATIONS count=28410000000 sid=842348 m=93 shapes=1619911 eparts=1132
EVALUATIONS count=28420000000 sid=535243 m=167 shapes=1619911 eparts=1132
EVALUATIONS count=28430000000 sid=493243 m=83 shapes=1619911 eparts=1132
EVALUATIONS count=28440000000 sid=844312 m=197 shapes=1619911 eparts=1132
EVALUATIONS count=28450000000 sid=533927 m=145 shapes=1619911 eparts=1132
EVALUATIONS count=28460000000 sid=1617058 m=167 shapes=1619911 eparts=1132
EVALUATIONS count=28470000000 sid=844080 m=279 shapes=1619911 eparts=1132
EVALUATIONS count=28480000000 sid=526724 m=305 shapes=1619911 eparts=1132
EVALUATIONS count=28490000000 sid=493243 m=265 shapes=1619911 eparts=1132
EVALUATIONS count=28500000000 sid=491371 m=353 shapes=1619911 eparts=1132
EVALUATIONS count=28510000000 sid=493243 m=259 shapes=1619911 eparts=1132
EVALUATIONS count=28520000000 sid=829508 m=289 shapes=1619911 eparts=1132
SHAPES count=1620000 eparts=1132 scanned_to=407
EVALUATIONS count=28530000000 sid=1327125 m=25 shapes=1622686 eparts=1132
EVALUATIONS count=28540000000 sid=204 m=157 shapes=1622686 eparts=1132
EVALUATIONS count=28550000000 sid=1614334 m=161 shapes=1622686 eparts=1132
EVALUATIONS count=28560000000 sid=1620669 m=199 shapes=1622686 eparts=1132
EVALUATIONS count=28570000000 sid=494705 m=199 shapes=1622686 eparts=1132
EVALUATIONS count=28580000000 sid=847109 m=237 shapes=1622686 eparts=1132
EVALUATIONS count=28590000000 sid=842249 m=183 shapes=1622686 eparts=1132
EVALUATIONS count=28600000000 sid=1621780 m=261 shapes=1622686 eparts=1132
EVALUATIONS count=28610000000 sid=842255 m=267 shapes=1622686 eparts=1132
EVALUATIONS count=28620000000 sid=1614334 m=257 shapes=1622686 eparts=1132
EVALUATIONS count=28630000000 sid=822959 m=257 shapes=1622686 eparts=1132
EVALUATIONS count=28640000000 sid=1614333 m=267 shapes=1622686 eparts=1132
EVALUATIONS count=28650000000 sid=1620692 m=349 shapes=1622686 eparts=1132
EVALUATIONS count=28660000000 sid=842249 m=305 shapes=1622686 eparts=1132
EVALUATIONS count=28670000000 sid=202 m=131 shapes=1626123 eparts=1135
EVALUATIONS count=28680000000 sid=961066 m=43 shapes=1626123 eparts=1135
EVALUATIONS count=28690000000 sid=556561 m=161 shapes=1626123 eparts=1135
EVALUATIONS count=28700000000 sid=617164 m=69 shapes=1626123 eparts=1135
EVALUATIONS count=28710000000 sid=941338 m=191 shapes=1626123 eparts=1135
EVALUATIONS count=28720000000 sid=488771 m=205 shapes=1626123 eparts=1135
EVALUATIONS count=28730000000 sid=494999 m=173 shapes=1626123 eparts=1135
EVALUATIONS count=28740000000 sid=839678 m=235 shapes=1626123 eparts=1135
EVALUATIONS count=28750000000 sid=617164 m=149 shapes=1626123 eparts=1135
EVALUATIONS count=28760000000 sid=962597 m=243 shapes=1626123 eparts=1135
EVALUATIONS count=28770000000 sid=1622896 m=211 shapes=1626123 eparts=1135
EVALUATIONS count=28780000000 sid=1622896 m=247 shapes=1626123 eparts=1135
EVALUATIONS count=28790000000 sid=617466 m=307 shapes=1626123 eparts=1135
EVALUATIONS count=28800000000 sid=335867 m=323 shapes=1626123 eparts=1135
EVALUATIONS count=28810000000 sid=1622896 m=261 shapes=1626123 eparts=1135
EVALUATIONS count=28820000000 sid=198 m=351 shapes=1626123 eparts=1135
EVALUATIONS count=28830000000 sid=961066 m=273 shapes=1626123 eparts=1135
EVALUATIONS count=28840000000 sid=1625121 m=361 shapes=1626123 eparts=1135
EVALUATIONS count=28850000000 sid=617788 m=373 shapes=1626123 eparts=1135
EVALUATIONS count=28860000000 sid=1331702 m=51 shapes=1629263 eparts=1135
EVALUATIONS count=28870000000 sid=1622793 m=91 shapes=1629263 eparts=1135
EVALUATIONS count=28880000000 sid=1384054 m=191 shapes=1629263 eparts=1135
EVALUATIONS count=28890000000 sid=1628001 m=203 shapes=1629263 eparts=1135
EVALUATIONS count=28900000000 sid=1298630 m=199 shapes=1629263 eparts=1135
EVALUATIONS count=28910000000 sid=1622793 m=211 shapes=1629263 eparts=1135
EVALUATIONS count=28920000000 sid=1379182 m=225 shapes=1629263 eparts=1135
EVALUATIONS count=28930000000 sid=1379182 m=281 shapes=1629263 eparts=1135
EVALUATIONS count=28940000000 sid=591686 m=381 shapes=1629263 eparts=1135
SHAPES count=1630000 eparts=1136 scanned_to=407
EVALUATIONS count=28950000000 sid=1629263 m=7 shapes=1632580 eparts=1136
EVALUATIONS count=28960000000 sid=966993 m=145 shapes=1632580 eparts=1136
EVALUATIONS count=28970000000 sid=1630825 m=179 shapes=1632580 eparts=1136
EVALUATIONS count=28980000000 sid=1629263 m=159 shapes=1632580 eparts=1136
EVALUATIONS count=28990000000 sid=1464577 m=239 shapes=1632580 eparts=1136
EVALUATIONS count=29000000000 sid=197 m=269 shapes=1632580 eparts=1136
EVALUATIONS count=29010000000 sid=960966 m=227 shapes=1632580 eparts=1136
EVALUATIONS count=29020000000 sid=556078 m=325 shapes=1632580 eparts=1136
EVALUATIONS count=29030000000 sid=591806 m=353 shapes=1632580 eparts=1136
EVALUATIONS count=29040000000 sid=342255 m=377 shapes=1632580 eparts=1136
EVALUATIONS count=29050000000 sid=1632590 m=95 shapes=1635929 eparts=1137
EVALUATIONS count=29060000000 sid=2222 m=193 shapes=1635929 eparts=1137
EVALUATIONS count=29070000000 sid=1594973 m=261 shapes=1635929 eparts=1137
EVALUATIONS count=29080000000 sid=92941 m=329 shapes=1635929 eparts=1137
EVALUATIONS count=29090000000 sid=225 m=397 shapes=1635929 eparts=1137
EVALUATIONS count=29100000000 sid=1622686 m=77 shapes=1639172 eparts=1137
EVALUATIONS count=29110000000 sid=1639157 m=245 shapes=1639172 eparts=1137
EVALUATIONS count=29120000000 sid=1622686 m=199 shapes=1639172 eparts=1137
EVALUATIONS count=29130000000 sid=1382879 m=381 shapes=1639172 eparts=1137
SHAPES count=1640000 eparts=1140 scanned_to=407
EVALUATIONS count=29140000000 sid=6619 m=137 shapes=1643095 eparts=1140
EVALUATIONS count=29150000000 sid=1029526 m=59 shapes=1643095 eparts=1140
EVALUATIONS count=29160000000 sid=942082 m=193 shapes=1643095 eparts=1140
EVALUATIONS count=29170000000 sid=1029526 m=129 shapes=1643095 eparts=1140
EVALUATIONS count=29180000000 sid=1639393 m=151 shapes=1643095 eparts=1140
EVALUATIONS count=29190000000 sid=1640674 m=277 shapes=1643095 eparts=1140
EVALUATIONS count=29200000000 sid=1029526 m=203 shapes=1643095 eparts=1140
EVALUATIONS count=29210000000 sid=1029526 m=235 shapes=1643095 eparts=1140
EVALUATIONS count=29220000000 sid=1639393 m=269 shapes=1643095 eparts=1140
EVALUATIONS count=29230000000 sid=1029569 m=391 shapes=1643095 eparts=1140
EVALUATIONS count=29240000000 sid=1639284 m=41 shapes=1646724 eparts=1140
EVALUATIONS count=29250000000 sid=1639285 m=123 shapes=1646724 eparts=1140
EVALUATIONS count=29260000000 sid=1312219 m=251 shapes=1646724 eparts=1140
EVALUATIONS count=29270000000 sid=1643153 m=263 shapes=1646724 eparts=1140
EVALUATIONS count=29280000000 sid=1639284 m=259 shapes=1646724 eparts=1140
SHAPES count=1650000 eparts=1141 scanned_to=407
EVALUATIONS count=29290000000 sid=1036200 m=133 shapes=1652251 eparts=1141
EVALUATIONS count=29300000000 sid=1648732 m=151 shapes=1652251 eparts=1141
EVALUATIONS count=29310000000 sid=540683 m=171 shapes=1652251 eparts=1141
EVALUATIONS count=29320000000 sid=1034828 m=205 shapes=1652251 eparts=1141
EVALUATIONS count=29330000000 sid=465438 m=211 shapes=1652251 eparts=1141
EVALUATIONS count=29340000000 sid=1646724 m=189 shapes=1652251 eparts=1141
EVALUATIONS count=29350000000 sid=1649185 m=267 shapes=1652251 eparts=1141
EVALUATIONS count=29360000000 sid=1034223 m=327 shapes=1652251 eparts=1141
EVALUATIONS count=29370000000 sid=492122 m=353 shapes=1652251 eparts=1141
EVALUATIONS count=29380000000 sid=1646724 m=325 shapes=1652251 eparts=1141
EVALUATIONS count=29390000000 sid=1639173 m=59 shapes=1657691 eparts=1141
EVALUATIONS count=29400000000 sid=1639183 m=147 shapes=1657691 eparts=1141
EVALUATIONS count=29410000000 sid=1657311 m=235 shapes=1657691 eparts=1141
EVALUATIONS count=29420000000 sid=1639172 m=241 shapes=1657691 eparts=1141
EVALUATIONS count=29430000000 sid=1654418 m=357 shapes=1657691 eparts=1141
SHAPES count=1660000 eparts=1144 scanned_to=407
EVALUATIONS count=29440000000 sid=1032029 m=125 shapes=1661872 eparts=1144
EVALUATIONS count=29450000000 sid=491754 m=149 shapes=1661872 eparts=1144
EVALUATIONS count=29460000000 sid=338306 m=173 shapes=1661872 eparts=1144
EVALUATIONS count=29470000000 sid=1039643 m=197 shapes=1661872 eparts=1144
EVALUATIONS count=29480000000 sid=369978 m=199 shapes=1661872 eparts=1144
EVALUATIONS count=29490000000 sid=220876 m=245 shapes=1661872 eparts=1144
EVALUATIONS count=29500000000 sid=2749 m=269 shapes=1661872 eparts=1144
EVALUATIONS count=29510000000 sid=1657920 m=229 shapes=1661872 eparts=1144
EVALUATIONS count=29520000000 sid=1036368 m=259 shapes=1661872 eparts=1144
EVALUATIONS count=29530000000 sid=1037351 m=317 shapes=1661872 eparts=1144
EVALUATIONS count=29540000000 sid=2560 m=365 shapes=1661872 eparts=1144
EVALUATIONS count=29550000000 sid=163011 m=389 shapes=1661872 eparts=1144
EVALUATIONS count=29560000000 sid=371734 m=127 shapes=1665728 eparts=1144
EVALUATIONS count=29570000000 sid=1036261 m=65 shapes=1665728 eparts=1144
EVALUATIONS count=29580000000 sid=1657808 m=119 shapes=1665728 eparts=1144
EVALUATIONS count=29590000000 sid=1662883 m=207 shapes=1665728 eparts=1144
EVALUATIONS count=29600000000 sid=5985 m=251 shapes=1665728 eparts=1144
EVALUATIONS count=29610000000 sid=1036296 m=257 shapes=1665728 eparts=1144
EVALUATIONS count=29620000000 sid=1036267 m=277 shapes=1665728 eparts=1144
EVALUATIONS count=29630000000 sid=1036261 m=229 shapes=1665728 eparts=1144
EVALUATIONS count=29640000000 sid=1036261 m=275 shapes=1665728 eparts=1144
EVALUATIONS count=29650000000 sid=1664292 m=407 shapes=1665728 eparts=1144
EVALUATIONS count=29660000000 sid=197 m=177 shapes=1669894 eparts=1146
EVALUATIONS count=29670000000 sid=1667506 m=219 shapes=1669894 eparts=1146
EVALUATIONS count=29680000000 sid=197 m=291 shapes=1669894 eparts=1146
EVALUATIONS count=29690000000 sid=1665842 m=283 shapes=1669894 eparts=1146
EVALUATIONS count=29700000000 sid=1668639 m=383 shapes=1669894 eparts=1146
SHAPES count=1670000 eparts=1146 scanned_to=407
EVALUATIONS count=29710000000 sid=1670063 m=141 shapes=1673836 eparts=1146
EVALUATIONS count=29720000000 sid=1665728 m=123 shapes=1673836 eparts=1146
EVALUATIONS count=29730000000 sid=1670063 m=259 shapes=1673836 eparts=1146
EVALUATIONS count=29740000000 sid=1665728 m=251 shapes=1673836 eparts=1146
EVALUATIONS count=29750000000 sid=220539 m=397 shapes=1673836 eparts=1146
EVALUATIONS count=29760000000 sid=1042821 m=165 shapes=1677912 eparts=1147
EVALUATIONS count=29770000000 sid=1675037 m=221 shapes=1677912 eparts=1147
EVALUATIONS count=29780000000 sid=1673887 m=221 shapes=1677912 eparts=1147
EVALUATIONS count=29790000000 sid=1677849 m=325 shapes=1677912 eparts=1147
EVALUATIONS count=29800000000 sid=1675999 m=357 shapes=1677912 eparts=1147
SHAPES count=1680000 eparts=1147 scanned_to=407
EVALUATIONS count=29810000000 sid=1657691 m=99 shapes=1681879 eparts=1147
EVALUATIONS count=29820000000 sid=1657694 m=141 shapes=1681879 eparts=1147
EVALUATIONS count=29830000000 sid=1681794 m=267 shapes=1681879 eparts=1147
EVALUATIONS count=29840000000 sid=1679341 m=303 shapes=1681879 eparts=1147
EVALUATIONS count=29850000000 sid=1678557 m=351 shapes=1681879 eparts=1147
EVALUATIONS count=29860000000 sid=1043376 m=89 shapes=1686035 eparts=1149
EVALUATIONS count=29870000000 sid=1043373 m=77 shapes=1686035 eparts=1149
EVALUATIONS count=29880000000 sid=1683641 m=163 shapes=1686035 eparts=1149
EVALUATIONS count=29890000000 sid=1683022 m=173 shapes=1686035 eparts=1149
EVALUATIONS count=29900000000 sid=1684141 m=225 shapes=1686035 eparts=1149
EVALUATIONS count=29910000000 sid=1045040 m=249 shapes=1686035 eparts=1149
EVALUATIONS count=29920000000 sid=1629813 m=273 shapes=1686035 eparts=1149
EVALUATIONS count=29930000000 sid=1043373 m=233 shapes=1686035 eparts=1149
EVALUATIONS count=29940000000 sid=203 m=319 shapes=1686035 eparts=1149
EVALUATIONS count=29950000000 sid=1043373 m=247 shapes=1686035 eparts=1149
EVALUATIONS count=29960000000 sid=224183 m=365 shapes=1686035 eparts=1149
EVALUATIONS count=29970000000 sid=340804 m=389 shapes=1686035 eparts=1149
EVALUATIONS count=29980000000 sid=1686038 m=125 shapes=1689991 eparts=1149
EVALUATIONS count=29990000000 sid=672205 m=155 shapes=1689991 eparts=1149
EVALUATIONS count=30000000000 sid=1681879 m=95 shapes=1689991 eparts=1149
EVALUATIONS count=30010000000 sid=1681879 m=113 shapes=1689991 eparts=1149
EVALUATIONS count=30020000000 sid=1681879 m=129 shapes=1689991 eparts=1149
EVALUATIONS count=30030000000 sid=1019829 m=249 shapes=1689991 eparts=1149
EVALUATIONS count=30040000000 sid=2028 m=305 shapes=1689991 eparts=1149
EVALUATIONS count=30050000000 sid=222252 m=337 shapes=1689991 eparts=1149
EVALUATIONS count=30060000000 sid=377963 m=367 shapes=1689991 eparts=1149
EVALUATIONS count=30070000000 sid=1019828 m=303 shapes=1689991 eparts=1149
SHAPES count=1690000 eparts=1150 scanned_to=407
EVALUATIONS count=30080000000 sid=1690109 m=85 shapes=1694265 eparts=1151
EVALUATIONS count=30090000000 sid=1691887 m=205 shapes=1694265 eparts=1151
EVALUATIONS count=30100000000 sid=1690109 m=165 shapes=1694265 eparts=1151
EVALUATIONS count=30110000000 sid=1690109 m=223 shapes=1694265 eparts=1151
EVALUATIONS count=30120000000 sid=1690109 m=285 shapes=1694265 eparts=1151
EVALUATIONS count=30130000000 sid=1690072 m=97 shapes=1698311 eparts=1151
EVALUATIONS count=30140000000 sid=1653892 m=193 shapes=1698311 eparts=1151
EVALUATIONS count=30150000000 sid=1689991 m=165 shapes=1698311 eparts=1151
EVALUATIONS count=30160000000 sid=376445 m=301 shapes=1698311 eparts=1151
EVALUATIONS count=30170000000 sid=1689992 m=297 shapes=1698311 eparts=1151
EVALUATIONS count=30180000000 sid=1698311 m=19 shapes=1699246 eparts=1152
SHAPES count=1700000 eparts=1152 scanned_to=407
EVALUATIONS count=30190000000 sid=1698311 m=59 shapes=1702515 eparts=1152
EVALUATIONS count=30200000000 sid=1698880 m=203 shapes=1702515 eparts=1152
EVALUATIONS count=30210000000 sid=1699824 m=245 shapes=1702515 eparts=1152
EVALUATIONS count=30220000000 sid=1698311 m=227 shapes=1702515 eparts=1152
EVALUATIONS count=30230000000 sid=1698564 m=387 shapes=1702515 eparts=1152
EVALUATIONS count=30240000000 sid=1580512 m=41 shapes=1706614 eparts=1152
EVALUATIONS count=30250000000 sid=1580512 m=87 shapes=1706614 eparts=1152
EVALUATIONS count=30260000000 sid=1580514 m=181 shapes=1706614 eparts=1152
EVALUATIONS count=30270000000 sid=1580513 m=223 shapes=1706614 eparts=1152
EVALUATIONS count=30280000000 sid=1580581 m=363 shapes=1706614 eparts=1152
EVALUATIONS count=30290000000 sid=1707021 m=35 shapes=1708048 eparts=1157
EVALUATIONS count=30300000000 sid=1707021 m=127 shapes=1708048 eparts=1157
EVALUATIONS count=30310000000 sid=1342556 m=243 shapes=1708048 eparts=1157
EVALUATIONS count=30320000000 sid=553214 m=273 shapes=1708048 eparts=1157
EVALUATIONS count=30330000000 sid=551013 m=55 shapes=1709001 eparts=1157
EVALUATIONS count=30340000000 sid=551014 m=153 shapes=1709001 eparts=1157
EVALUATIONS count=30350000000 sid=818070 m=231 shapes=1709001 eparts=1157
EVALUATIONS count=30360000000 sid=1706938 m=255 shapes=1709001 eparts=1157
SHAPES count=1710000 eparts=1158 scanned_to=407
EVALUATIONS count=30370000000 sid=488947 m=121 shapes=1711328 eparts=1158
EVALUATIONS count=30380000000 sid=1709001 m=79 shapes=1711328 eparts=1158
EVALUATIONS count=30390000000 sid=853655 m=131 shapes=1711328 eparts=1158
EVALUATIONS count=30400000000 sid=859918 m=201 shapes=1711328 eparts=1158
EVALUATIONS count=30410000000 sid=1709001 m=175 shapes=1711328 eparts=1158
EVALUATIONS count=30420000000 sid=860881 m=251 shapes=1711328 eparts=1158
EVALUATIONS count=30430000000 sid=564742 m=211 shapes=1711328 eparts=1158
EVALUATIONS count=30440000000 sid=580858 m=285 shapes=1711328 eparts=1158
EVALUATIONS count=30450000000 sid=1356372 m=275 shapes=1711328 eparts=1158
EVALUATIONS count=30460000000 sid=1709054 m=321 shapes=1711328 eparts=1158
EVALUATIONS count=30470000000 sid=853654 m=281 shapes=1711328 eparts=1158
EVALUATIONS count=30480000000 sid=1706843 m=53 shapes=1713585 eparts=1158
EVALUATIONS count=30490000000 sid=1706898 m=119 shapes=1713585 eparts=1158
EVALUATIONS count=30500000000 sid=1706852 m=171 shapes=1713585 eparts=1158
EVALUATIONS count=30510000000 sid=1358591 m=225 shapes=1713585 eparts=1158
EVALUATIONS count=30520000000 sid=473172 m=255 shapes=1713585 eparts=1158
EVALUATIONS count=30530000000 sid=1706843 m=175 shapes=1713585 eparts=1158
EVALUATIONS count=30540000000 sid=853572 m=275 shapes=1713585 eparts=1158
EVALUATIONS count=30550000000 sid=858719 m=307 shapes=1713585 eparts=1158
EVALUATIONS count=30560000000 sid=578273 m=307 shapes=1713585 eparts=1158
EVALUATIONS count=30570000000 sid=945793 m=69 shapes=1715671 eparts=1164
EVALUATIONS count=30580000000 sid=945793 m=49 shapes=1717784 eparts=1164
EVALUATIONS count=30590000000 sid=510238 m=167 shapes=1717784 eparts=1164
EVALUATIONS count=30600000000 sid=1364122 m=191 shapes=1717784 eparts=1164
EVALUATIONS count=30610000000 sid=557241 m=145 shapes=1717784 eparts=1164
EVALUATIONS count=30620000000 sid=557243 m=205 shapes=1717784 eparts=1164
EVALUATIONS count=30630000000 sid=1713795 m=185 shapes=1717784 eparts=1164
EVALUATIONS count=30640000000 sid=1713795 m=223 shapes=1717784 eparts=1164
EVALUATIONS count=30650000000 sid=558006 m=309 shapes=1717784 eparts=1164
EVALUATIONS count=30660000000 sid=1345419 m=229 shapes=1717784 eparts=1164
EVALUATIONS count=30670000000 sid=945793 m=239 shapes=1717784 eparts=1164
EVALUATIONS count=30680000000 sid=1363075 m=269 shapes=1717784 eparts=1164
EVALUATIONS count=30690000000 sid=10569 m=405 shapes=1717784 eparts=1164
SHAPES count=1720000 eparts=1164 scanned_to=407
EVALUATIONS count=30700000000 sid=1713692 m=107 shapes=1721690 eparts=1164
EVALUATIONS count=30710000000 sid=1345338 m=151 shapes=1721690 eparts=1164
EVALUATIONS count=30720000000 sid=8580 m=245 shapes=1721690 eparts=1164
EVALUATIONS count=30730000000 sid=1362984 m=201 shapes=1721690 eparts=1164
EVALUATIONS count=30740000000 sid=1362984 m=255 shapes=1721690 eparts=1164
EVALUATIONS count=30750000000 sid=78099 m=375 shapes=1721690 eparts=1164
EVALUATIONS count=30760000000 sid=945693 m=71 shapes=1725755 eparts=1166
EVALUATIONS count=30770000000 sid=7450 m=151 shapes=1725755 eparts=1166
EVALUATIONS count=30780000000 sid=945692 m=127 shapes=1725755 eparts=1166
EVALUATIONS count=30790000000 sid=1721690 m=123 shapes=1725755 eparts=1166
EVALUATIONS count=30800000000 sid=1366696 m=123 shapes=1725755 eparts=1166
EVALUATIONS count=30810000000 sid=571048 m=205 shapes=1725755 eparts=1166
EVALUATIONS count=30820000000 sid=1367047 m=269 shapes=1725755 eparts=1166
EVALUATIONS count=30830000000 sid=557331 m=295 shapes=1725755 eparts=1166
EVALUATIONS count=30840000000 sid=199 m=317 shapes=1725755 eparts=1166
EVALUATIONS count=30850000000 sid=1347311 m=241 shapes=1725755 eparts=1166
EVALUATIONS count=30860000000 sid=558506 m=363 shapes=1725755 eparts=1166
EVALUATIONS count=30870000000 sid=1347312 m=335 shapes=1725755 eparts=1166
EVALUATIONS count=30880000000 sid=1591584 m=125 shapes=1729732 eparts=1166
EVALUATIONS count=30890000000 sid=1713588 m=121 shapes=1729747 eparts=1166
EVALUATIONS count=30900000000 sid=1349236 m=117 shapes=1729747 eparts=1166
EVALUATIONS count=30910000000 sid=567447 m=259 shapes=1729747 eparts=1166
EVALUATIONS count=30920000000 sid=1368617 m=271 shapes=1729747 eparts=1166
EVALUATIONS count=30930000000 sid=1713585 m=261 shapes=1729747 eparts=1166
EVALUATIONS count=30940000000 sid=1349236 m=349 shapes=1729747 eparts=1166
SHAPES count=1730000 eparts=1170 scanned_to=407
EVALUATIONS count=30950000000 sid=1729855 m=77 shapes=1733930 eparts=1170
EVALUATIONS count=30960000000 sid=953722 m=175 shapes=1733930 eparts=1170
EVALUATIONS count=30970000000 sid=1730938 m=209 shapes=1733930 eparts=1170
EVALUATIONS count=30980000000 sid=1364424 m=245 shapes=1733930 eparts=1170
EVALUATIONS count=30990000000 sid=953266 m=183 shapes=1733930 eparts=1170
EVALUATIONS count=31000000000 sid=954172 m=311 shapes=1733930 eparts=1170
EVALUATIONS count=31010000000 sid=953266 m=233 shapes=1733930 eparts=1170
EVALUATIONS count=31020000000 sid=953266 m=267 shapes=1733930 eparts=1170
EVALUATIONS count=31030000000 sid=1730686 m=137 shapes=1738041 eparts=1171
EVALUATIONS count=31040000000 sid=1733930 m=115 shapes=1738041 eparts=1171
EVALUATIONS count=31050000000 sid=1734198 m=267 shapes=1738041 eparts=1171
EVALUATIONS count=31060000000 sid=1430199 m=379 shapes=1738041 eparts=1171
SHAPES count=1740000 eparts=1171 scanned_to=407
EVALUATIONS count=31070000000 sid=1730711 m=171 shapes=1740862 eparts=1171
EVALUATIONS count=31080000000 sid=1729747 m=141 shapes=1740862 eparts=1171
EVALUATIONS count=31090000000 sid=1738772 m=295 shapes=1740862 eparts=1171
EVALUATIONS count=31100000000 sid=1740865 m=71 shapes=1743047 eparts=1173
EVALUATIONS count=31110000000 sid=590122 m=155 shapes=1745029 eparts=1173
EVALUATIONS count=31120000000 sid=957431 m=191 shapes=1745029 eparts=1173
EVALUATIONS count=31130000000 sid=1743132 m=203 shapes=1745029 eparts=1173
EVALUATIONS count=31140000000 sid=1730183 m=259 shapes=1745029 eparts=1173
EVALUATIONS count=31150000000 sid=426017 m=205 shapes=1745029 eparts=1173
EVALUATIONS count=31160000000 sid=958067 m=329 shapes=1745029 eparts=1173
EVALUATIONS count=31170000000 sid=959654 m=363 shapes=1745029 eparts=1173
EVALUATIONS count=31180000000 sid=957149 m=365 shapes=1745029 eparts=1173
EVALUATIONS count=31190000000 sid=1745030 m=131 shapes=1749254 eparts=1175
EVALUATIONS count=31200000000 sid=1745030 m=203 shapes=1749254 eparts=1175
EVALUATIONS count=31210000000 sid=1745029 m=215 shapes=1749254 eparts=1175
SHAPES count=1750000 eparts=1175 scanned_to=407
EVALUATIONS count=31220000000 sid=1369247 m=121 shapes=1750320 eparts=1175
EVALUATIONS count=31230000000 sid=1706810 m=147 shapes=1753371 eparts=1175
EVALUATIONS count=31240000000 sid=1598208 m=275 shapes=1753371 eparts=1175
EVALUATIONS count=31250000000 sid=1751411 m=341 shapes=1753371 eparts=1175
EVALUATIONS count=31260000000 sid=597988 m=97 shapes=1756500 eparts=1177
EVALUATIONS count=31270000000 sid=474737 m=151 shapes=1756500 eparts=1177
EVALUATIONS count=31280000000 sid=203 m=177 shapes=1756500 eparts=1177
EVALUATIONS count=31290000000 sid=1373726 m=113 shapes=1756500 eparts=1177
EVALUATIONS count=31300000000 sid=1373726 m=183 shapes=1756500 eparts=1177
EVALUATIONS count=31310000000 sid=1753476 m=203 shapes=1756500 eparts=1177
EVALUATIONS count=31320000000 sid=1373726 m=169 shapes=1756500 eparts=1177
EVALUATIONS count=31330000000 sid=1756082 m=299 shapes=1756500 eparts=1177
EVALUATIONS count=31340000000 sid=866894 m=323 shapes=1756500 eparts=1177
EVALUATIONS count=31350000000 sid=1755063 m=347 shapes=1756500 eparts=1177
EVALUATIONS count=31360000000 sid=1753474 m=263 shapes=1756500 eparts=1177
EVALUATIONS count=31370000000 sid=597983 m=331 shapes=1756500 eparts=1177
EVALUATIONS count=31380000000 sid=1378090 m=131 shapes=1759472 eparts=1177
EVALUATIONS count=31390000000 sid=597890 m=111 shapes=1759472 eparts=1177
EVALUATIONS count=31400000000 sid=570843 m=175 shapes=1759472 eparts=1177
EVALUATIONS count=31410000000 sid=1753371 m=153 shapes=1759472 eparts=1177
EVALUATIONS count=31420000000 sid=1753371 m=159 shapes=1759472 eparts=1177
EVALUATIONS count=31430000000 sid=863266 m=205 shapes=1759472 eparts=1177
EVALUATIONS count=31440000000 sid=1754148 m=265 shapes=1759472 eparts=1177
EVALUATIONS count=31450000000 sid=1757263 m=285 shapes=1759472 eparts=1177
EVALUATIONS count=31460000000 sid=1370375 m=261 shapes=1759472 eparts=1177
EVALUATIONS count=31470000000 sid=599791 m=331 shapes=1759472 eparts=1177
EVALUATIONS count=31480000000 sid=473109 m=353 shapes=1759472 eparts=1177
EVALUATIONS count=31490000000 sid=119478 m=375 shapes=1759472 eparts=1177
EVALUATIONS count=31500000000 sid=1753377 m=371 shapes=1759472 eparts=1177
SHAPES count=1760000 eparts=1180 scanned_to=407
EVALUATIONS count=31510000000 sid=973526 m=99 shapes=1763552 eparts=1180
EVALUATIONS count=31520000000 sid=1759695 m=79 shapes=1763552 eparts=1180
EVALUATIONS count=31530000000 sid=1759695 m=155 shapes=1763552 eparts=1180
EVALUATIONS count=31540000000 sid=1759695 m=179 shapes=1763552 eparts=1180
EVALUATIONS count=31550000000 sid=974998 m=275 shapes=1763552 eparts=1180
EVALUATIONS count=31560000000 sid=1759695 m=249 shapes=1763552 eparts=1180
EVALUATIONS count=31570000000 sid=973492 m=247 shapes=1763552 eparts=1180
EVALUATIONS count=31580000000 sid=246443 m=377 shapes=1763552 eparts=1180
EVALUATIONS count=31590000000 sid=1764009 m=81 shapes=1767335 eparts=1180
EVALUATIONS count=31600000000 sid=1765300 m=159 shapes=1767335 eparts=1180
EVALUATIONS count=31610000000 sid=1759585 m=189 shapes=1767335 eparts=1180
EVALUATIONS count=31620000000 sid=488960 m=305 shapes=1767335 eparts=1180
EVALUATIONS count=31630000000 sid=1759585 m=261 shapes=1767335 eparts=1180
SHAPES count=1770000 eparts=1181 scanned_to=407
EVALUATIONS count=31640000000 sid=558326 m=127 shapes=1771297 eparts=1181
EVALUATIONS count=31650000000 sid=197 m=147 shapes=1771297 eparts=1181
EVALUATIONS count=31660000000 sid=766534 m=169 shapes=1771297 eparts=1181
EVALUATIONS count=31670000000 sid=623639 m=177 shapes=1771297 eparts=1181
EVALUATIONS count=31680000000 sid=973387 m=161 shapes=1771297 eparts=1181
EVALUATIONS count=31690000000 sid=1767335 m=113 shapes=1771297 eparts=1181
EVALUATIONS count=31700000000 sid=488978 m=253 shapes=1771297 eparts=1181
EVALUATIONS count=31710000000 sid=1385468 m=275 shapes=1771297 eparts=1181
EVALUATIONS count=31720000000 sid=1384684 m=207 shapes=1771297 eparts=1181
EVALUATIONS count=31730000000 sid=1767335 m=247 shapes=1771297 eparts=1181
EVALUATIONS count=31740000000 sid=624366 m=337 shapes=1771297 eparts=1181
EVALUATIONS count=31750000000 sid=1384684 m=265 shapes=1771297 eparts=1181
EVALUATIONS count=31760000000 sid=973386 m=287 shapes=1771297 eparts=1181
EVALUATIONS count=31770000000 sid=488957 m=401 shapes=1771297 eparts=1181
EVALUATIONS count=31780000000 sid=1307070 m=147 shapes=1775195 eparts=1181
EVALUATIONS count=31790000000 sid=1759472 m=109 shapes=1775195 eparts=1181
EVALUATIONS count=31800000000 sid=1773960 m=203 shapes=1775195 eparts=1181
EVALUATIONS count=31810000000 sid=1759472 m=169 shapes=1775195 eparts=1181
EVALUATIONS count=31820000000 sid=570496 m=305 shapes=1775195 eparts=1181
EVALUATIONS count=31830000000 sid=979618 m=343 shapes=1775195 eparts=1181
EVALUATIONS count=31840000000 sid=1759472 m=293 shapes=1775195 eparts=1181
EVALUATIONS count=31850000000 sid=769254 m=129 shapes=1779317 eparts=1183
EVALUATIONS count=31860000000 sid=981333 m=155 shapes=1779317 eparts=1183
EVALUATIONS count=31870000000 sid=1629670 m=181 shapes=1779317 eparts=1183
EVALUATIONS count=31880000000 sid=1775310 m=149 shapes=1779317 eparts=1183
EVALUATIONS count=31890000000 sid=355683 m=231 shapes=1779317 eparts=1183
EVALUATIONS count=31900000000 sid=348091 m=149 shapes=1779317 eparts=1183
EVALUATIONS count=31910000000 sid=768866 m=281 shapes=1779317 eparts=1183
EVALUATIONS count=31920000000 sid=348091 m=197 shapes=1779317 eparts=1183
EVALUATIONS count=31930000000 sid=1775320 m=303 shapes=1779317 eparts=1183
EVALUATIONS count=31940000000 sid=348091 m=303 shapes=1779317 eparts=1183
EVALUATIONS count=31950000000 sid=1775310 m=325 shapes=1779317 eparts=1183
EVALUATIONS count=31960000000 sid=981805 m=393 shapes=1779317 eparts=1183
SHAPES count=1780000 eparts=1184 scanned_to=407
EVALUATIONS count=31970000000 sid=1780450 m=133 shapes=1783396 eparts=1184
EVALUATIONS count=31980000000 sid=1779846 m=201 shapes=1783396 eparts=1184
EVALUATIONS count=31990000000 sid=197 m=287 shapes=1783396 eparts=1184
EVALUATIONS count=32000000000 sid=1779317 m=277 shapes=1783396 eparts=1184
EVALUATIONS count=32010000000 sid=488772 m=399 shapes=1783396 eparts=1184
EVALUATIONS count=32020000000 sid=1784728 m=143 shapes=1787364 eparts=1184
EVALUATIONS count=32030000000 sid=1775196 m=161 shapes=1787364 eparts=1184
EVALUATIONS count=32040000000 sid=2577 m=279 shapes=1787364 eparts=1184
EVALUATIONS count=32050000000 sid=1775261 m=303 shapes=1787364 eparts=1184
EVALUATIONS count=32060000000 sid=199 m=391 shapes=1787364 eparts=1184
SHAPES count=1790000 eparts=1185 scanned_to=407
EVALUATIONS count=32070000000 sid=973277 m=57 shapes=1791500 eparts=1185
EVALUATIONS count=32080000000 sid=1791412 m=165 shapes=1791500 eparts=1185
EVALUATIONS count=32090000000 sid=988120 m=203 shapes=1791500 eparts=1185
EVALUATIONS count=32100000000 sid=973280 m=189 shapes=1791500 eparts=1185
EVALUATIONS count=32110000000 sid=1787364 m=195 shapes=1791500 eparts=1185
EVALUATIONS count=32120000000 sid=1790727 m=297 shapes=1791500 eparts=1185
EVALUATIONS count=32130000000 sid=1787631 m=317 shapes=1791500 eparts=1185
EVALUATIONS count=32140000000 sid=1789750 m=359 shapes=1791500 eparts=1185
EVALUATIONS count=32150000000 sid=197 m=391 shapes=1791500 eparts=1185
EVALUATIONS count=32160000000 sid=1793222 m=119 shapes=1795727 eparts=1186
EVALUATIONS count=32170000000 sid=1793177 m=185 shapes=1795727 eparts=1186
EVALUATIONS count=32180000000 sid=1793399 m=255 shapes=1795727 eparts=1186
EVALUATIONS count=32190000000 sid=1791500 m=243 shapes=1795727 eparts=1186
EVALUATIONS count=32200000000 sid=1793741 m=349 shapes=1795727 eparts=1186
EVALUATIONS count=32210000000 sid=1706614 m=49 shapes=1799844 eparts=1186
EVALUATIONS count=32220000000 sid=1706614 m=71 shapes=1799844 eparts=1186
EVALUATIONS count=32230000000 sid=1706614 m=189 shapes=1799844 eparts=1186
EVALUATIONS count=32240000000 sid=1706615 m=229 shapes=1799844 eparts=1186
EVALUATIONS count=32250000000 sid=1706614 m=235 shapes=1799844 eparts=1186
EVALUATIONS count=32260000000 sid=198 m=401 shapes=1799844 eparts=1186
SHAPES count=1800000 eparts=1189 scanned_to=407
EVALUATIONS count=32270000000 sid=887110 m=57 shapes=1806013 eparts=1193
EVALUATIONS count=32280000000 sid=601640 m=175 shapes=1806013 eparts=1193
EVALUATIONS count=32290000000 sid=888089 m=205 shapes=1806013 eparts=1193
EVALUATIONS count=32300000000 sid=1800204 m=145 shapes=1806013 eparts=1193
EVALUATIONS count=32310000000 sid=882592 m=231 shapes=1806013 eparts=1193
EVALUATIONS count=32320000000 sid=884350 m=291 shapes=1806013 eparts=1193
EVALUATIONS count=32330000000 sid=1800204 m=251 shapes=1806013 eparts=1193
EVALUATIONS count=32340000000 sid=1375141 m=349 shapes=1806013 eparts=1193
EVALUATIONS count=32350000000 sid=887110 m=305 shapes=1806013 eparts=1193
EVALUATIONS count=32360000000 sid=890843 m=405 shapes=1806013 eparts=1193
EVALUATIONS count=32370000000 sid=894808 m=145 shapes=1809315 eparts=1193
EVALUATIONS count=32380000000 sid=1800093 m=89 shapes=1809315 eparts=1193
EVALUATIONS count=32390000000 sid=1800093 m=117 shapes=1809315 eparts=1193
EVALUATIONS count=32400000000 sid=882391 m=179 shapes=1809315 eparts=1193
EVALUATIONS count=32410000000 sid=1327137 m=247 shapes=1809315 eparts=1193
EVALUATIONS count=32420000000 sid=18590 m=273 shapes=1809315 eparts=1193
EVALUATIONS count=32430000000 sid=882493 m=191 shapes=1809315 eparts=1193
EVALUATIONS count=32440000000 sid=1800093 m=255 shapes=1809315 eparts=1193
EVALUATIONS count=32450000000 sid=5499 m=349 shapes=1809315 eparts=1193
EVALUATIONS count=32460000000 sid=1809188 m=373 shapes=1809315 eparts=1193
EVALUATIONS count=32470000000 sid=895761 m=399 shapes=1809315 eparts=1193
SHAPES count=1810000 eparts=1196 scanned_to=407
EVALUATIONS count=32480000000 sid=1809432 m=81 shapes=1817014 eparts=1196
EVALUATIONS count=32490000000 sid=1809432 m=59 shapes=1817014 eparts=1196
EVALUATIONS count=32500000000 sid=1050734 m=149 shapes=1817014 eparts=1196
EVALUATIONS count=32510000000 sid=474579 m=225 shapes=1817014 eparts=1196
EVALUATIONS count=32520000000 sid=1050734 m=175 shapes=1817014 eparts=1196
EVALUATIONS count=32530000000 sid=1050738 m=241 shapes=1817014 eparts=1196
EVALUATIONS count=32540000000 sid=1809432 m=255 shapes=1817014 eparts=1196
EVALUATIONS count=32550000000 sid=1050734 m=297 shapes=1817014 eparts=1196
EVALUATIONS count=32560000000 sid=1051143 m=367 shapes=1817014 eparts=1196
EVALUATIONS count=32570000000 sid=1050734 m=319 shapes=1817014 eparts=1196
SHAPES count=1820000 eparts=1196 scanned_to=407
EVALUATIONS count=32580000000 sid=491711 m=151 shapes=1824566 eparts=1196
EVALUATIONS count=32590000000 sid=1809315 m=159 shapes=1824566 eparts=1196
EVALUATIONS count=32600000000 sid=1809315 m=171 shapes=1824566 eparts=1196
EVALUATIONS count=32610000000 sid=1818929 m=269 shapes=1824566 eparts=1196
EVALUATIONS count=32620000000 sid=1809315 m=267 shapes=1824566 eparts=1196
EVALUATIONS count=32630000000 sid=1809315 m=339 shapes=1824566 eparts=1196
EVALUATIONS count=32640000000 sid=1050620 m=79 shapes=1829218 eparts=1197
EVALUATIONS count=32650000000 sid=242853 m=163 shapes=1829218 eparts=1197
EVALUATIONS count=32660000000 sid=1050620 m=103 shapes=1829218 eparts=1197
EVALUATIONS count=32670000000 sid=672219 m=205 shapes=1829218 eparts=1197
EVALUATIONS count=32680000000 sid=1824566 m=169 shapes=1829218 eparts=1197
EVALUATIONS count=32690000000 sid=886452 m=249 shapes=1829218 eparts=1197
EVALUATIONS count=32700000000 sid=474203 m=271 shapes=1829218 eparts=1197
EVALUATIONS count=32710000000 sid=1824566 m=229 shapes=1829218 eparts=1197
EVALUATIONS count=32720000000 sid=1824566 m=233 shapes=1829218 eparts=1197
EVALUATIONS count=32730000000 sid=242540 m=243 shapes=1829218 eparts=1197
EVALUATIONS count=32740000000 sid=1826161 m=325 shapes=1829218 eparts=1197
EVALUATIONS count=32750000000 sid=1059173 m=377 shapes=1829218 eparts=1197
EVALUATIONS count=32760000000 sid=1825745 m=369 shapes=1829218 eparts=1197
SHAPES count=1830000 eparts=1197 scanned_to=407
EVALUATIONS count=32770000000 sid=1799971 m=35 shapes=1833830 eparts=1197
EVALUATIONS count=32780000000 sid=1799971 m=79 shapes=1833830 eparts=1197
EVALUATIONS count=32790000000 sid=1799971 m=149 shapes=1833830 eparts=1197
EVALUATIONS count=32800000000 sid=1829891 m=269 shapes=1833830 eparts=1197
EVALUATIONS count=32810000000 sid=1799979 m=303 shapes=1833830 eparts=1197
EVALUATIONS count=32820000000 sid=1831663 m=391 shapes=1833830 eparts=1197
EPARTS count=1200 shapes=1833956 scanned_to=407
SHAPES count=1840000 eparts=1201 scanned_to=407
EVALUATIONS count=32830000000 sid=1063141 m=99 shapes=1849972 eparts=1201
EVALUATIONS count=32840000000 sid=1839358 m=117 shapes=1849972 eparts=1201
EVALUATIONS count=32850000000 sid=895823 m=51 shapes=1849972 eparts=1201
EVALUATIONS count=32860000000 sid=1839762 m=155 shapes=1849972 eparts=1201
EVALUATIONS count=32870000000 sid=1833832 m=63 shapes=1849972 eparts=1201
EVALUATIONS count=32880000000 sid=1833832 m=121 shapes=1849972 eparts=1201
EVALUATIONS count=32890000000 sid=232321 m=149 shapes=1849972 eparts=1201
EVALUATIONS count=32900000000 sid=238529 m=223 shapes=1849972 eparts=1201
EVALUATIONS count=32910000000 sid=895823 m=165 shapes=1849972 eparts=1201
EVALUATIONS count=32920000000 sid=2560 m=251 shapes=1849972 eparts=1201
EVALUATIONS count=32930000000 sid=1050503 m=171 shapes=1849972 eparts=1201
EVALUATIONS count=32940000000 sid=232321 m=187 shapes=1849972 eparts=1201
EVALUATIONS count=32950000000 sid=1838769 m=255 shapes=1849972 eparts=1201
EVALUATIONS count=32960000000 sid=1833983 m=265 shapes=1849972 eparts=1201
EVALUATIONS count=32970000000 sid=895829 m=295 shapes=1849972 eparts=1201
EVALUATIONS count=32980000000 sid=1838510 m=313 shapes=1849972 eparts=1201
EVALUATIONS count=32990000000 sid=882283 m=283 shapes=1849972 eparts=1201
EVALUATIONS count=33000000000 sid=1833838 m=319 shapes=1849972 eparts=1201
EVALUATIONS count=33010000000 sid=202 m=377 shapes=1849972 eparts=1201
EVALUATIONS count=33020000000 sid=1845154 m=391 shapes=1849972 eparts=1201
EVALUATIONS count=33030000000 sid=906385 m=405 shapes=1849972 eparts=1201
SHAPES count=1850000 eparts=1201 scanned_to=407
SHAPES count=1860000 eparts=1201 scanned_to=407
EVALUATIONS count=33040000000 sid=1799883 m=109 shapes=1862698 eparts=1201
EVALUATIONS count=33050000000 sid=1799844 m=121 shapes=1862698 eparts=1201
EVALUATIONS count=33060000000 sid=1850181 m=225 shapes=1862698 eparts=1201
EVALUATIONS count=33070000000 sid=2939 m=299 shapes=1862698 eparts=1201
EVALUATIONS count=33080000000 sid=1852148 m=333 shapes=1862698 eparts=1201
EVALUATIONS count=33090000000 sid=1849994 m=343 shapes=1862698 eparts=1201
SHAPES count=1870000 eparts=1208 scanned_to=407
EVALUATIONS count=33100000000 sid=1074395 m=135 shapes=1871211 eparts=1208
EVALUATIONS count=33110000000 sid=255480 m=155 shapes=1871211 eparts=1208
EVALUATIONS count=33120000000 sid=2614 m=177 shapes=1871211 eparts=1208
EVALUATIONS count=33130000000 sid=23358 m=197 shapes=1871211 eparts=1208
EVALUATIONS count=33140000000 sid=380551 m=153 shapes=1871211 eparts=1208
EVALUATIONS count=33150000000 sid=385361 m=229 shapes=1871211 eparts=1208
EVALUATIONS count=33160000000 sid=885618 m=257 shapes=1871211 eparts=1208
EVALUATIONS count=33170000000 sid=1863085 m=211 shapes=1871211 eparts=1208
EVALUATIONS count=33180000000 sid=557913 m=299 shapes=1871211 eparts=1208
EVALUATIONS count=33190000000 sid=1073305 m=241 shapes=1871211 eparts=1208
EVALUATIONS count=33200000000 sid=1868615 m=333 shapes=1871211 eparts=1208
EVALUATIONS count=33210000000 sid=380551 m=269 shapes=1871211 eparts=1208
EVALUATIONS count=33220000000 sid=1868977 m=373 shapes=1871211 eparts=1208
EVALUATIONS count=33230000000 sid=380551 m=335 shapes=1871211 eparts=1208
EVALUATIONS count=33240000000 sid=1862962 m=29 shapes=1879274 eparts=1208
EVALUATIONS count=33250000000 sid=197 m=161 shapes=1879274 eparts=1208
EVALUATIONS count=33260000000 sid=1876429 m=187 shapes=1879274 eparts=1208
EVALUATIONS count=33270000000 sid=1083659 m=213 shapes=1879274 eparts=1208
EVALUATIONS count=33280000000 sid=1073191 m=181 shapes=1879274 eparts=1208
EVALUATIONS count=33290000000 sid=1862962 m=197 shapes=1879274 eparts=1208
EVALUATIONS count=33300000000 sid=1862962 m=195 shapes=1879274 eparts=1208
EVALUATIONS count=33310000000 sid=1877163 m=309 shapes=1879274 eparts=1208
EVALUATIONS count=33320000000 sid=1862962 m=237 shapes=1879274 eparts=1208
EVALUATIONS count=33330000000 sid=1085032 m=367 shapes=1879274 eparts=1208
EVALUATIONS count=33340000000 sid=789564 m=393 shapes=1879274 eparts=1208
SHAPES count=1880000 eparts=1212 scanned_to=407
EVALUATIONS count=33350000000 sid=5139 m=139 shapes=1887747 eparts=1212
EVALUATIONS count=33360000000 sid=197 m=183 shapes=1887747 eparts=1212
EVALUATIONS count=33370000000 sid=1879481 m=169 shapes=1887747 eparts=1212
EVALUATIONS count=33380000000 sid=1879400 m=213 shapes=1887747 eparts=1212
EVALUATIONS count=33390000000 sid=1879399 m=261 shapes=1887747 eparts=1212
EVALUATIONS count=33400000000 sid=1879399 m=299 shapes=1887747 eparts=1212
SHAPES count=1890000 eparts=1212 scanned_to=407
EVALUATIONS count=33410000000 sid=601782 m=121 shapes=1894939 eparts=1212
EVALUATIONS count=33420000000 sid=1312449 m=165 shapes=1895990 eparts=1212
EVALUATIONS count=33430000000 sid=1891260 m=211 shapes=1895990 eparts=1212
EVALUATIONS count=33440000000 sid=5282 m=255 shapes=1895990 eparts=1212
EVALUATIONS count=33450000000 sid=5368 m=299 shapes=1895990 eparts=1212
EVALUATIONS count=33460000000 sid=1879274 m=255 shapes=1895990 eparts=1212
EVALUATIONS count=33470000000 sid=1879275 m=323 shapes=1895990 eparts=1212
SHAPES count=1900000 eparts=1214 scanned_to=407
EVALUATIONS count=33480000000 sid=1899516 m=145 shapes=1904426 eparts=1214
EVALUATIONS count=33490000000 sid=2536 m=189 shapes=1904426 eparts=1214
EVALUATIONS count=33500000000 sid=1895990 m=175 shapes=1904426 eparts=1214
EVALUATIONS count=33510000000 sid=1899624 m=239 shapes=1904426 eparts=1214
EVALUATIONS count=33520000000 sid=1901383 m=321 shapes=1904426 eparts=1214
EVALUATIONS count=33530000000 sid=1898072 m=335 shapes=1904426 eparts=1214
SHAPES count=1910000 eparts=1215 scanned_to=407
EVALUATIONS count=33540000000 sid=1904429 m=51 shapes=1911412 eparts=1215
EVALUATIONS count=33550000000 sid=1904426 m=81 shapes=1912898 eparts=1215
EVALUATIONS count=33560000000 sid=1899815 m=207 shapes=1912898 eparts=1215
EVALUATIONS count=33570000000 sid=1346320 m=251 shapes=1912898 eparts=1215
EVALUATIONS count=33580000000 sid=5262 m=295 shapes=1912898 eparts=1215
EVALUATIONS count=33590000000 sid=1904426 m=253 shapes=1912898 eparts=1215
EVALUATIONS count=33600000000 sid=1904426 m=267 shapes=1912898 eparts=1215
EVALUATIONS count=33610000000 sid=1862835 m=73 shapes=1917993 eparts=1215
EVALUATIONS count=33620000000 sid=1862835 m=89 shapes=1917993 eparts=1215
EVALUATIONS count=33630000000 sid=1862835 m=173 shapes=1917993 eparts=1215
EVALUATIONS count=33640000000 sid=1862922 m=205 shapes=1917993 eparts=1215
EVALUATIONS count=33650000000 sid=1862835 m=223 shapes=1917993 eparts=1215
EVALUATIONS count=33660000000 sid=1862838 m=275 shapes=1917993 eparts=1215
EVALUATIONS count=33670000000 sid=1862838 m=341 shapes=1917993 eparts=1215
SHAPES count=1920000 eparts=1217 scanned_to=407
EVALUATIONS count=33680000000 sid=2279 m=133 shapes=1923243 eparts=1217
EVALUATIONS count=33690000000 sid=388768 m=153 shapes=1923243 eparts=1217
EVALUATIONS count=33700000000 sid=388662 m=173 shapes=1923243 eparts=1217
EVALUATIONS count=33710000000 sid=1918119 m=91 shapes=1923243 eparts=1217
EVALUATIONS count=33720000000 sid=229408 m=213 shapes=1923243 eparts=1217
EVALUATIONS count=33730000000 sid=1087780 m=179 shapes=1923243 eparts=1217
EVALUATIONS count=33740000000 sid=1557818 m=253 shapes=1923243 eparts=1217
EVALUATIONS count=33750000000 sid=1918119 m=159 shapes=1923243 eparts=1217
EVALUATIONS count=33760000000 sid=1558169 m=291 shapes=1923243 eparts=1217
EVALUATIONS count=33770000000 sid=1918119 m=207 shapes=1923243 eparts=1217
EVALUATIONS count=33780000000 sid=1087795 m=329 shapes=1923243 eparts=1217
EVALUATIONS count=33790000000 sid=230882 m=349 shapes=1923243 eparts=1217
EVALUATIONS count=33800000000 sid=1918119 m=259 shapes=1923243 eparts=1217
EVALUATIONS count=33810000000 sid=1087781 m=347 shapes=1923243 eparts=1217
EVALUATIONS count=33820000000 sid=1923243 m=37 shapes=1928416 eparts=1218
EVALUATIONS count=33830000000 sid=1924983 m=111 shapes=1928463 eparts=1218
EVALUATIONS count=33840000000 sid=1926441 m=147 shapes=1928463 eparts=1218
EVALUATIONS count=33850000000 sid=1923243 m=87 shapes=1928463 eparts=1218
EVALUATIONS count=33860000000 sid=1093312 m=209 shapes=1928463 eparts=1218
EVALUATIONS count=33870000000 sid=1923243 m=135 shapes=1928463 eparts=1218
EVALUATIONS count=33880000000 sid=558137 m=267 shapes=1928463 eparts=1218
EVALUATIONS count=33890000000 sid=1925359 m=291 shapes=1928463 eparts=1218
EVALUATIONS count=33900000000 sid=1923243 m=231 shapes=1928463 eparts=1218
EVALUATIONS count=33910000000 sid=1092253 m=243 shapes=1928463 eparts=1218
EVALUATIONS count=33920000000 sid=1923243 m=275 shapes=1928463 eparts=1218
EVALUATIONS count=33930000000 sid=1093493 m=349 shapes=1928463 eparts=1218
SHAPES count=1930000 eparts=1218 scanned_to=407
EVALUATIONS count=33940000000 sid=1097411 m=125 shapes=1933563 eparts=1218
EVALUATIONS count=33950000000 sid=1073150 m=83 shapes=1933563 eparts=1218
EVALUATIONS count=33960000000 sid=1073072 m=107 shapes=1933563 eparts=1218
EVALUATIONS count=33970000000 sid=1073069 m=97 shapes=1933563 eparts=1218
EVALUATIONS count=33980000000 sid=1098678 m=205 shapes=1933563 eparts=1218
EVALUATIONS count=33990000000 sid=1073071 m=193 shapes=1933563 eparts=1218
EVALUATIONS count=34000000000 sid=1930218 m=235 shapes=1933563 eparts=1218
EVALUATIONS count=34010000000 sid=1073076 m=249 shapes=1933563 eparts=1218
EVALUATIONS count=34020000000 sid=1100027 m=317 shapes=1933563 eparts=1218
EVALUATIONS count=34030000000 sid=1073069 m=237 shapes=1933563 eparts=1218
EVALUATIONS count=34040000000 sid=1096898 m=367 shapes=1933563 eparts=1218
EVALUATIONS count=34050000000 sid=1073071 m=317 shapes=1933563 eparts=1218
EVALUATIONS count=34060000000 sid=1935679 m=129 shapes=1939015 eparts=1220
EVALUATIONS count=34070000000 sid=1933690 m=121 shapes=1939015 eparts=1220
EVALUATIONS count=34080000000 sid=1933749 m=185 shapes=1939015 eparts=1220
EVALUATIONS count=34090000000 sid=1937475 m=255 shapes=1939015 eparts=1220
EVALUATIONS count=34100000000 sid=1937494 m=289 shapes=1939015 eparts=1220
EVALUATIONS count=34110000000 sid=1933693 m=293 shapes=1939015 eparts=1220
EVALUATIONS count=34120000000 sid=1087794 m=387 shapes=1939015 eparts=1220
SHAPES count=1940000 eparts=1220 scanned_to=407
EVALUATIONS count=34130000000 sid=1933564 m=99 shapes=1944238 eparts=1220
EVALUATIONS count=34140000000 sid=1933563 m=67 shapes=1944238 eparts=1220
EVALUATIONS count=34150000000 sid=1933563 m=137 shapes=1944238 eparts=1220
EVALUATIONS count=34160000000 sid=1392230 m=269 shapes=1944238 eparts=1220
EVALUATIONS count=34170000000 sid=1392846 m=311 shapes=1944238 eparts=1220
EVALUATIONS count=34180000000 sid=1933563 m=249 shapes=1944238 eparts=1220
EVALUATIONS count=34190000000 sid=1942264 m=395 shapes=1944238 eparts=1220
EVALUATIONS count=34200000000 sid=1807099 m=147 shapes=1949837 eparts=1222
EVALUATIONS count=34210000000 sid=1944368 m=163 shapes=1949837 eparts=1222
EVALUATIONS count=34220000000 sid=1944990 m=229 shapes=1949837 eparts=1222
EVALUATIONS count=34230000000 sid=1945373 m=255 shapes=1949837 eparts=1222
EVALUATIONS count=34240000000 sid=1944549 m=251 shapes=1949837 eparts=1222
EVALUATIONS count=34250000000 sid=1944368 m=279 shapes=1949837 eparts=1222
EVALUATIONS count=34260000000 sid=1945747 m=361 shapes=1949837 eparts=1222
SHAPES count=1950000 eparts=1222 scanned_to=407
EVALUATIONS count=34270000000 sid=1954073 m=147 shapes=1955186 eparts=1222
EVALUATIONS count=34280000000 sid=1944238 m=105 shapes=1955186 eparts=1222
EVALUATIONS count=34290000000 sid=1944296 m=173 shapes=1955186 eparts=1222
EVALUATIONS count=34300000000 sid=1952125 m=269 shapes=1955186 eparts=1222
EVALUATIONS count=34310000000 sid=1952571 m=309 shapes=1955186 eparts=1222
EVALUATIONS count=34320000000 sid=1952398 m=351 shapes=1955186 eparts=1222
EVALUATIONS count=34330000000 sid=2158 m=391 shapes=1955186 eparts=1222
SHAPES count=1960000 eparts=1224 scanned_to=407
EVALUATIONS count=34340000000 sid=1960342 m=143 shapes=1960840 eparts=1224
EVALUATIONS count=34350000000 sid=1955375 m=125 shapes=1960840 eparts=1224
EVALUATIONS count=34360000000 sid=1956915 m=223 shapes=1960840 eparts=1224
EVALUATIONS count=34370000000 sid=1955318 m=151 shapes=1960840 eparts=1224
EVALUATIONS count=34380000000 sid=1955318 m=193 shapes=1960840 eparts=1224
EVALUATIONS count=34390000000 sid=4907 m=345 shapes=1960840 eparts=1224
EVALUATIONS count=34400000000 sid=1955321 m=315 shapes=1960840 eparts=1224
EVALUATIONS count=34410000000 sid=7852 m=137 shapes=1966234 eparts=1224
EVALUATIONS count=34420000000 sid=1961088 m=127 shapes=1966234 eparts=1224
EVALUATIONS count=34430000000 sid=2080 m=217 shapes=1966234 eparts=1224
EVALUATIONS count=34440000000 sid=1961603 m=257 shapes=1966234 eparts=1224
EVALUATIONS count=34450000000 sid=1960924 m=255 shapes=1966234 eparts=1224
EVALUATIONS count=34460000000 sid=1944933 m=337 shapes=1966234 eparts=1224
EVALUATIONS count=34470000000 sid=1955186 m=263 shapes=1966234 eparts=1224
SHAPES count=1970000 eparts=1225 scanned_to=407
EVALUATIONS count=34480000000 sid=390094 m=129 shapes=1971770 eparts=1225
EVALUATIONS count=34490000000 sid=1969278 m=167 shapes=1971770 eparts=1225
EVALUATIONS count=34500000000 sid=1967674 m=207 shapes=1971770 eparts=1225
EVALUATIONS count=34510000000 sid=1806944 m=247 shapes=1971770 eparts=1225
EVALUATIONS count=34520000000 sid=1970908 m=287 shapes=1971770 eparts=1225
EVALUATIONS count=34530000000 sid=1966234 m=243 shapes=1971770 eparts=1225
EVALUATIONS count=34540000000 sid=5740 m=367 shapes=1971770 eparts=1225
EVALUATIONS count=34550000000 sid=1966234 m=301 shapes=1971770 eparts=1225
EVALUATIONS count=34560000000 sid=1952968 m=157 shapes=1977177 eparts=1225
EVALUATIONS count=34570000000 sid=1862703 m=141 shapes=1977177 eparts=1225
EVALUATIONS count=34580000000 sid=1862699 m=185 shapes=1977177 eparts=1225
EVALUATIONS count=34590000000 sid=1972566 m=275 shapes=1977177 eparts=1225
EVALUATIONS count=34600000000 sid=1977100 m=315 shapes=1977177 eparts=1225
EVALUATIONS count=34610000000 sid=1862698 m=273 shapes=1977177 eparts=1225
EVALUATIONS count=34620000000 sid=1786170 m=395 shapes=1977177 eparts=1225
SHAPES count=1980000 eparts=1228 scanned_to=407
EVALUATIONS count=34630000000 sid=1977313 m=117 shapes=1983238 eparts=1228
EVALUATIONS count=34640000000 sid=1977313 m=183 shapes=1983238 eparts=1228
EVALUATIONS count=34650000000 sid=1977310 m=199 shapes=1983238 eparts=1228
EVALUATIONS count=34660000000 sid=1977310 m=271 shapes=1983238 eparts=1228
SHAPES count=1990000 eparts=1232 scanned_to=407
EVALUATIONS count=34670000000 sid=1985786 m=101 shapes=1991775 eparts=1232
EVALUATIONS count=34680000000 sid=1106257 m=155 shapes=1991775 eparts=1232
EVALUATIONS count=34690000000 sid=225 m=179 shapes=1991775 eparts=1232
EVALUATIONS count=34700000000 sid=1983366 m=149 shapes=1991775 eparts=1232
EVALUATIONS count=34710000000 sid=1983366 m=111 shapes=1991775 eparts=1232
EVALUATIONS count=34720000000 sid=197 m=255 shapes=1991775 eparts=1232
EVALUATIONS count=34730000000 sid=1101297 m=215 shapes=1991775 eparts=1232
EVALUATIONS count=34740000000 sid=1102190 m=277 shapes=1991775 eparts=1232
EVALUATIONS count=34750000000 sid=1101297 m=237 shapes=1991775 eparts=1232
EVALUATIONS count=34760000000 sid=1986945 m=339 shapes=1991775 eparts=1232
EVALUATIONS count=34770000000 sid=197 m=379 shapes=1991775 eparts=1232
EVALUATIONS count=34780000000 sid=1790323 m=405 shapes=1991775 eparts=1232
SHAPES count=2000000 eparts=1232 scanned_to=407
EVALUATIONS count=34790000000 sid=1101178 m=57 shapes=2000138 eparts=1232
EVALUATIONS count=34800000000 sid=1543680 m=165 shapes=2000138 eparts=1232
EVALUATIONS count=34810000000 sid=1101179 m=147 shapes=2000138 eparts=1232
EVALUATIONS count=34820000000 sid=1993975 m=195 shapes=2000138 eparts=1232
EVALUATIONS count=34830000000 sid=1987546 m=239 shapes=2000138 eparts=1232
EVALUATIONS count=34840000000 sid=236618 m=263 shapes=2000138 eparts=1232
EVALUATIONS count=34850000000 sid=1983351 m=235 shapes=2000138 eparts=1232
EVALUATIONS count=34860000000 sid=1997263 m=301 shapes=2000138 eparts=1232
EVALUATIONS count=34870000000 sid=1101178 m=247 shapes=2000138 eparts=1232
EVALUATIONS count=34880000000 sid=1983238 m=263 shapes=2000138 eparts=1232
EVALUATIONS count=34890000000 sid=1983238 m=305 shapes=2000138 eparts=1232
EVALUATIONS count=34900000000 sid=2000268 m=45 shapes=2008241 eparts=1236
EVALUATIONS count=34910000000 sid=2000268 m=69 shapes=2008943 eparts=1236
EVALUATIONS count=34920000000 sid=2005213 m=199 shapes=2008943 eparts=1236
EVALUATIONS count=34930000000 sid=2003219 m=241 shapes=2008943 eparts=1236
EVALUATIONS count=34940000000 sid=1978563 m=297 shapes=2008943 eparts=1236
EVALUATIONS count=34950000000 sid=2000268 m=281 shapes=2008943 eparts=1236
EVALUATIONS count=34960000000 sid=1885072 m=383 shapes=2008943 eparts=1236
SHAPES count=2010000 eparts=1236 scanned_to=407
EVALUATIONS count=34970000000 sid=2000139 m=79 shapes=2017522 eparts=1236
EVALUATIONS count=34980000000 sid=2300 m=181 shapes=2017522 eparts=1236
EVALUATIONS count=34990000000 sid=2000138 m=145 shapes=2017522 eparts=1236
EVALUATIONS count=35000000000 sid=2000139 m=181 shapes=2017522 eparts=1236
EVALUATIONS count=35010000000 sid=1977921 m=309 shapes=2017522 eparts=1236
EVALUATIONS count=35020000000 sid=2014592 m=353 shapes=2017522 eparts=1236
EVALUATIONS count=35030000000 sid=2011515 m=393 shapes=2017522 eparts=1236
SHAPES count=2020000 eparts=1238 scanned_to=407
EVALUATIONS count=35040000000 sid=2678 m=149 shapes=2026313 eparts=1238
EVALUATIONS count=35050000000 sid=2017524 m=121 shapes=2026313 eparts=1238
EVALUATIONS count=35060000000 sid=1746332 m=235 shapes=2026313 eparts=1238
EVALUATIONS count=35070000000 sid=1676657 m=277 shapes=2026313 eparts=1238
EVALUATIONS count=35080000000 sid=2017524 m=287 shapes=2026313 eparts=1238
EVALUATIONS count=35090000000 sid=2018625 m=329 shapes=2026313 eparts=1238
EVALUATIONS count=35100000000 sid=2017522 m=297 shapes=2026313 eparts=1238
SHAPES count=2030000 eparts=1240 scanned_to=407
EVALUATIONS count=35110000000 sid=2026313 m=57 shapes=2035162 eparts=1240
EVALUATIONS count=35120000000 sid=5579 m=199 shapes=2035162 eparts=1240
EVALUATIONS count=35130000000 sid=2027530 m=215 shapes=2035162 eparts=1240
EVALUATIONS count=35140000000 sid=602134 m=281 shapes=2035162 eparts=1240
EVALUATIONS count=35150000000 sid=2026313 m=213 shapes=2035162 eparts=1240
EVALUATIONS count=35160000000 sid=202 m=365 shapes=2035162 eparts=1240
EVALUATIONS count=35170000000 sid=2026313 m=309 shapes=2035162 eparts=1240
SHAPES count=2040000 eparts=1240 scanned_to=407
EVALUATIONS count=35180000000 sid=2035238 m=113 shapes=2043880 eparts=1240
EVALUATIONS count=35190000000 sid=1977177 m=157 shapes=2043880 eparts=1240
EVALUATIONS count=35200000000 sid=1977177 m=143 shapes=2043880 eparts=1240
EVALUATIONS count=35210000000 sid=2035373 m=283 shapes=2043880 eparts=1240
EVALUATIONS count=35220000000 sid=2037727 m=323 shapes=2043880 eparts=1240
EVALUATIONS count=35230000000 sid=2036818 m=335 shapes=2043880 eparts=1240
EVALUATIONS count=35240000000 sid=1860962 m=405 shapes=2043880 eparts=1240
EVALUATIONS count=35250000000 sid=1116178 m=39 shapes=2049363 eparts=1242
EVALUATIONS count=35260000000 sid=1117433 m=159 shapes=2049363 eparts=1242
EVALUATIONS count=35270000000 sid=2046948 m=187 shapes=2049363 eparts=1242
EVALUATIONS count=35280000000 sid=1116182 m=163 shapes=2049363 eparts=1242
EVALUATIONS count=35290000000 sid=2047828 m=237 shapes=2049363 eparts=1242
EVALUATIONS count=35300000000 sid=1116178 m=163 shapes=2049363 eparts=1242
EVALUATIONS count=35310000000 sid=1116178 m=169 shapes=2049363 eparts=1242
EVALUATIONS count=35320000000 sid=1116234 m=269 shapes=2049363 eparts=1242
EVALUATIONS count=35330000000 sid=2044020 m=291 shapes=2049363 eparts=1242
EVALUATIONS count=35340000000 sid=1116178 m=269 shapes=2049363 eparts=1242
EVALUATIONS count=35350000000 sid=2047420 m=359 shapes=2049363 eparts=1242
EVALUATIONS count=35360000000 sid=2048473 m=403 shapes=2049363 eparts=1242
SHAPES count=2050000 eparts=1243 scanned_to=407
EVALUATIONS count=35370000000 sid=1123340 m=139 shapes=2054834 eparts=1243
EVALUATIONS count=35380000000 sid=558174 m=161 shapes=2054834 eparts=1243
EVALUATIONS count=35390000000 sid=2049363 m=75 shapes=2054834 eparts=1243
EVALUATIONS count=35400000000 sid=2049363 m=109 shapes=2054834 eparts=1243
EVALUATIONS count=35410000000 sid=1123868 m=219 shapes=2054834 eparts=1243
EVALUATIONS count=35420000000 sid=2049366 m=191 shapes=2054834 eparts=1243
EVALUATIONS count=35430000000 sid=1122772 m=277 shapes=2054834 eparts=1243
EVALUATIONS count=35440000000 sid=1120822 m=249 shapes=2054834 eparts=1243
EVALUATIONS count=35450000000 sid=1124144 m=323 shapes=2054834 eparts=1243
EVALUATIONS count=35460000000 sid=461585 m=345 shapes=2054834 eparts=1243
EVALUATIONS count=35470000000 sid=1121557 m=345 shapes=2054834 eparts=1243
EVALUATIONS count=35480000000 sid=2049363 m=321 shapes=2054834 eparts=1243
SHAPES count=2060000 eparts=1243 scanned_to=407
EVALUATIONS count=35490000000 sid=2055029 m=71 shapes=2060185 eparts=1243
EVALUATIONS count=35500000000 sid=1019704 m=49 shapes=2060185 eparts=1243
EVALUATIONS count=35510000000 sid=2043880 m=69 shapes=2060185 eparts=1243
EVALUATIONS count=35520000000 sid=2007754 m=145 shapes=2065796 eparts=1245
EVALUATIONS count=35530000000 sid=490974 m=187 shapes=2065796 eparts=1245
EVALUATIONS count=35540000000 sid=2060219 m=181 shapes=2065796 eparts=1245
EVALUATIONS count=35550000000 sid=2063004 m=249 shapes=2065796 eparts=1245
EVALUATIONS count=35560000000 sid=2064148 m=297 shapes=2065796 eparts=1245
EVALUATIONS count=35570000000 sid=600616 m=351 shapes=2065796 eparts=1245
EVALUATIONS count=35580000000 sid=2061885 m=351 shapes=2065796 eparts=1245
SHAPES count=2070000 eparts=1247 scanned_to=407
EVALUATIONS count=35590000000 sid=2065933 m=55 shapes=2071691 eparts=1247
EVALUATIONS count=35600000000 sid=1699888 m=183 shapes=2071691 eparts=1247
EVALUATIONS count=35610000000 sid=1572306 m=221 shapes=2071691 eparts=1247
EVALUATIONS count=35620000000 sid=2065933 m=155 shapes=2071691 eparts=1247
EVALUATIONS count=35630000000 sid=1698828 m=301 shapes=2071691 eparts=1247
EVALUATIONS count=35640000000 sid=2065933 m=251 shapes=2071691 eparts=1247
EVALUATIONS count=35650000000 sid=2066277 m=321 shapes=2071691 eparts=1247
EVALUATIONS count=35660000000 sid=2073390 m=123 shapes=2077332 eparts=1247
EVALUATIONS count=35670000000 sid=2074969 m=115 shapes=2077332 eparts=1247
SHAPES count=2080000 eparts=1249 scanned_to=407
EVALUATIONS count=35680000000 sid=2079026 m=101 shapes=2088867 eparts=1249
EVALUATIONS count=35690000000 sid=2077471 m=69 shapes=2088892 eparts=1249
EVALUATIONS count=35700000000 sid=2077471 m=101 shapes=2088892 eparts=1249
EVALUATIONS count=35710000000 sid=2077474 m=169 shapes=2088892 eparts=1249
EVALUATIONS count=35720000000 sid=2085621 m=269 shapes=2088892 eparts=1249
EVALUATIONS count=35730000000 sid=2083617 m=313 shapes=2088892 eparts=1249
EVALUATIONS count=35740000000 sid=2077471 m=235 shapes=2088892 eparts=1249
EVALUATIONS count=35750000000 sid=1955827 m=391 shapes=2088892 eparts=1249
SHAPES count=2090000 eparts=1249 scanned_to=407
EVALUATIONS count=35760000000 sid=2092927 m=139 shapes=2094590 eparts=1249
EVALUATIONS count=35770000000 sid=2077332 m=83 shapes=2094590 eparts=1249
EVALUATIONS count=35780000000 sid=2092683 m=193 shapes=2094590 eparts=1249
EVALUATIONS count=35790000000 sid=2092716 m=231 shapes=2094590 eparts=1249
EVALUATIONS count=35800000000 sid=2077332 m=213 shapes=2094590 eparts=1249
EVALUATIONS count=35810000000 sid=2077332 m=245 shapes=2094590 eparts=1249
EVALUATIONS count=35820000000 sid=1653298 m=367 shapes=2094590 eparts=1249
EVALUATIONS count=35830000000 sid=2077337 m=339 shapes=2094590 eparts=1249
SHAPES count=2100000 eparts=1250 scanned_to=407
EVALUATIONS count=35840000000 sid=197 m=155 shapes=2100444 eparts=1250
EVALUATIONS count=35850000000 sid=2096442 m=161 shapes=2100444 eparts=1250
EVALUATIONS count=35860000000 sid=2099161 m=201 shapes=2100444 eparts=1250
EVALUATIONS count=35870000000 sid=5145 m=225 shapes=2100444 eparts=1250
EVALUATIONS count=35880000000 sid=2075574 m=245 shapes=2100444 eparts=1250
EVALUATIONS count=35890000000 sid=1019704 m=187 shapes=2100444 eparts=1250
EVALUATIONS count=35900000000 sid=2094591 m=207 shapes=2100444 eparts=1250
EVALUATIONS count=35910000000 sid=2094591 m=231 shapes=2100444 eparts=1250
EVALUATIONS count=35920000000 sid=1128486 m=297 shapes=2100444 eparts=1250
EVALUATIONS count=35930000000 sid=1019705 m=283 shapes=2100444 eparts=1250
EVALUATIONS count=35940000000 sid=2094590 m=299 shapes=2100444 eparts=1250
EVALUATIONS count=35950000000 sid=2094591 m=307 shapes=2100444 eparts=1250
EVALUATIONS count=35960000000 sid=2266 m=143 shapes=2106311 eparts=1251
EVALUATIONS count=35970000000 sid=2100445 m=101 shapes=2106311 eparts=1251
EVALUATIONS count=35980000000 sid=2100456 m=173 shapes=2106311 eparts=1251
EVALUATIONS count=35990000000 sid=491000 m=257 shapes=2106311 eparts=1251
EVALUATIONS count=36000000000 sid=2102795 m=293 shapes=2106311 eparts=1251
EVALUATIONS count=36010000000 sid=2100444 m=253 shapes=2106311 eparts=1251
EVALUATIONS count=36020000000 sid=296 m=369 shapes=2106311 eparts=1251
EVALUATIONS count=36030000000 sid=2100447 m=321 shapes=2106311 eparts=1251
SHAPES count=2110000 eparts=1251 scanned_to=407
EVALUATIONS count=36040000000 sid=1298466 m=77 shapes=2112036 eparts=1251
EVALUATIONS count=36050000000 sid=1971956 m=191 shapes=2112036 eparts=1251
EVALUATIONS count=36060000000 sid=254 m=229 shapes=2112036 eparts=1251
EVALUATIONS count=36070000000 sid=2059179 m=267 shapes=2112036 eparts=1251
EVALUATIONS count=36080000000 sid=2107102 m=249 shapes=2112036 eparts=1251
EVALUATIONS count=36090000000 sid=2072520 m=341 shapes=2112036 eparts=1251
EVALUATIONS count=36100000000 sid=1298467 m=279 shapes=2112036 eparts=1251
EVALUATIONS count=36110000000 sid=2112495 m=39 shapes=2113969 eparts=1258
EVALUATIONS count=36120000000 sid=590639 m=141 shapes=2113969 eparts=1258
EVALUATIONS count=36130000000 sid=590639 m=241 shapes=2113969 eparts=1258
EVALUATIONS count=36140000000 sid=2112495 m=341 shapes=2113969 eparts=1258
EVALUATIONS count=36150000000 sid=690246 m=169 shapes=2116031 eparts=1259
EVALUATIONS count=36160000000 sid=687626 m=145 shapes=2116031 eparts=1259
EVALUATIONS count=36170000000 sid=2113969 m=163 shapes=2116031 eparts=1259
EVALUATIONS count=36180000000 sid=689763 m=295 shapes=2116031 eparts=1259
EVALUATIONS count=36190000000 sid=1396898 m=383 shapes=2116031 eparts=1259
EVALUATIONS count=36200000000 sid=696020 m=105 shapes=2118251 eparts=1260
EVALUATIONS count=36210000000 sid=2116031 m=101 shapes=2118251 eparts=1260
EVALUATIONS count=36220000000 sid=2117013 m=265 shapes=2118251 eparts=1260
EVALUATIONS count=36230000000 sid=697994 m=317 shapes=2118251 eparts=1260
EVALUATIONS count=36240000000 sid=696577 m=351 shapes=2118251 eparts=1260
SHAPES count=2120000 eparts=1260 scanned_to=407
EVALUATIONS count=36250000000 sid=279422 m=95 shapes=2120390 eparts=1260
EVALUATIONS count=36260000000 sid=2112401 m=131 shapes=2120390 eparts=1260
EVALUATIONS count=36270000000 sid=687534 m=133 shapes=2120390 eparts=1260
EVALUATIONS count=36280000000 sid=2119030 m=255 shapes=2120390 eparts=1260
EVALUATIONS count=36290000000 sid=2112398 m=227 shapes=2120390 eparts=1260
EVALUATIONS count=36300000000 sid=687540 m=317 shapes=2120390 eparts=1260
EVALUATIONS count=36310000000 sid=687534 m=301 shapes=2120390 eparts=1260
EVALUATIONS count=36320000000 sid=1546 m=155 shapes=2126640 eparts=1262
EVALUATIONS count=36330000000 sid=706952 m=145 shapes=2126640 eparts=1262
EVALUATIONS count=36340000000 sid=706952 m=197 shapes=2126640 eparts=1262
EVALUATIONS count=36350000000 sid=706953 m=265 shapes=2126640 eparts=1262
EVALUATIONS count=36360000000 sid=2122623 m=355 shapes=2126640 eparts=1262
EVALUATIONS count=36370000000 sid=2560 m=137 shapes=2129035 eparts=1262
EVALUATIONS count=36380000000 sid=484313 m=177 shapes=2129035 eparts=1262
EVALUATIONS count=36390000000 sid=203 m=219 shapes=2129035 eparts=1262
EVALUATIONS count=36400000000 sid=1433834 m=259 shapes=2129035 eparts=1262
EVALUATIONS count=36410000000 sid=285964 m=299 shapes=2129035 eparts=1262
EVALUATIONS count=36420000000 sid=164529 m=341 shapes=2129035 eparts=1262
EVALUATIONS count=36430000000 sid=197 m=379 shapes=2129035 eparts=1262
SHAPES count=2130000 eparts=1264 scanned_to=407
EVALUATIONS count=36440000000 sid=6801 m=135 shapes=2130711 eparts=1264
EVALUATIONS count=36450000000 sid=614096 m=81 shapes=2130711 eparts=1264
EVALUATIONS count=36460000000 sid=322534 m=191 shapes=2130711 eparts=1264
EVALUATIONS count=36470000000 sid=1380688 m=311 shapes=2130711 eparts=1264
EVALUATIONS count=36480000000 sid=2129899 m=369 shapes=2130711 eparts=1264
EVALUATIONS count=36490000000 sid=329476 m=61 shapes=2133303 eparts=1266
EVALUATIONS count=36500000000 sid=718706 m=95 shapes=2133303 eparts=1266
EVALUATIONS count=36510000000 sid=719074 m=213 shapes=2133303 eparts=1266
EVALUATIONS count=36520000000 sid=330338 m=229 shapes=2133303 eparts=1266
EVALUATIONS count=36530000000 sid=97107 m=289 shapes=2133303 eparts=1266
EVALUATIONS count=36540000000 sid=718706 m=229 shapes=2133303 eparts=1266
EVALUATIONS count=36550000000 sid=330409 m=361 shapes=2133303 eparts=1266
EVALUATIONS count=36560000000 sid=1404199 m=401 shapes=2133303 eparts=1266
EVALUATIONS count=36570000000 sid=2130711 m=99 shapes=2135705 eparts=1266
EVALUATIONS count=36580000000 sid=2134477 m=287 shapes=2135705 eparts=1266
EVALUATIONS count=36590000000 sid=2134304 m=385 shapes=2135705 eparts=1266
EVALUATIONS count=36600000000 sid=743866 m=135 shapes=2138637 eparts=1268
EVALUATIONS count=36610000000 sid=743189 m=95 shapes=2138637 eparts=1268
EVALUATIONS count=36620000000 sid=743194 m=205 shapes=2138637 eparts=1268
EVALUATIONS count=36630000000 sid=2136262 m=289 shapes=2138637 eparts=1268
EVALUATIONS count=36640000000 sid=2135809 m=233 shapes=2138637 eparts=1268
EVALUATIONS count=36650000000 sid=2135809 m=319 shapes=2138637 eparts=1268
SHAPES count=2140000 eparts=1268 scanned_to=407
EVALUATIONS count=36660000000 sid=2135705 m=93 shapes=2141381 eparts=1268
EVALUATIONS count=36670000000 sid=2135706 m=157 shapes=2141381 eparts=1268
EVALUATIONS count=36680000000 sid=2135705 m=253 shapes=2141381 eparts=1268
EVALUATIONS count=36690000000 sid=2139361 m=379 shapes=2141381 eparts=1268
EVALUATIONS count=36700000000 sid=672226 m=155 shapes=2144248 eparts=1269
EVALUATIONS count=36710000000 sid=743089 m=113 shapes=2144248 eparts=1269
EVALUATIONS count=36720000000 sid=749705 m=223 shapes=2144248 eparts=1269
EVALUATIONS count=36730000000 sid=749422 m=277 shapes=2144248 eparts=1269
EVALUATIONS count=36740000000 sid=2143059 m=309 shapes=2144248 eparts=1269
EVALUATIONS count=36750000000 sid=748921 m=373 shapes=2144248 eparts=1269
EVALUATIONS count=36760000000 sid=2144545 m=109 shapes=2147031 eparts=1269
EVALUATIONS count=36770000000 sid=2145774 m=195 shapes=2147031 eparts=1269
EVALUATIONS count=36780000000 sid=484422 m=297 shapes=2147031 eparts=1269
EVALUATIONS count=36790000000 sid=2129035 m=293 shapes=2147031 eparts=1269
SHAPES count=2150000 eparts=1271 scanned_to=407
EVALUATIONS count=36800000000 sid=772769 m=149 shapes=2151587 eparts=1271
EVALUATIONS count=36810000000 sid=770350 m=105 shapes=2151587 eparts=1271
EVALUATIONS count=36820000000 sid=2147136 m=159 shapes=2151587 eparts=1271
EVALUATIONS count=36830000000 sid=2147159 m=269 shapes=2151587 eparts=1271
EVALUATIONS count=36840000000 sid=773159 m=343 shapes=2151587 eparts=1271
EVALUATIONS count=36850000000 sid=770350 m=279 shapes=2151587 eparts=1271
EVALUATIONS count=36860000000 sid=772791 m=177 shapes=2154259 eparts=1271
EVALUATIONS count=36870000000 sid=2152312 m=223 shapes=2154259 eparts=1271
EVALUATIONS count=36880000000 sid=2147031 m=269 shapes=2154259 eparts=1271
EVALUATIONS count=36890000000 sid=2154371 m=45 shapes=2157601 eparts=1273
EVALUATIONS count=36900000000 sid=2154371 m=149 shapes=2157601 eparts=1273
EVALUATIONS count=36910000000 sid=2154371 m=109 shapes=2157601 eparts=1273
EVALUATIONS count=36920000000 sid=797236 m=239 shapes=2157601 eparts=1273
EVALUATIONS count=36930000000 sid=2156260 m=281 shapes=2157601 eparts=1273
EVALUATIONS count=36940000000 sid=795615 m=247 shapes=2157601 eparts=1273
EVALUATIONS count=36950000000 sid=795615 m=327 shapes=2157601 eparts=1273
SHAPES count=2160000 eparts=1273 scanned_to=407
EVALUATIONS count=36960000000 sid=2154295 m=115 shapes=2160752 eparts=1273
EVALUATIONS count=36970000000 sid=2139029 m=233 shapes=2160752 eparts=1273
EVALUATIONS count=36980000000 sid=2159634 m=307 shapes=2160752 eparts=1273
EVALUATIONS count=36990000000 sid=2154259 m=289 shapes=2160752 eparts=1273
EVALUATIONS count=37000000000 sid=795509 m=65 shapes=2164086 eparts=1274
EVALUATIONS count=37010000000 sid=2160753 m=121 shapes=2164086 eparts=1274
EVALUATIONS count=37020000000 sid=2160752 m=135 shapes=2164086 eparts=1274
EVALUATIONS count=37030000000 sid=2161292 m=241 shapes=2164086 eparts=1274
EVALUATIONS count=37040000000 sid=2160803 m=273 shapes=2164086 eparts=1274
EVALUATIONS count=37050000000 sid=795509 m=257 shapes=2164086 eparts=1274
EVALUATIONS count=37060000000 sid=795509 m=315 shapes=2164086 eparts=1274
EVALUATIONS count=37070000000 sid=607659 m=157 shapes=2167347 eparts=1274
EVALUATIONS count=37080000000 sid=2166658 m=229 shapes=2167347 eparts=1274
EVALUATIONS count=37090000000 sid=2112174 m=221 shapes=2167347 eparts=1274
EVALUATIONS count=37100000000 sid=2166086 m=353 shapes=2167347 eparts=1274
EVALUATIONS count=37110000000 sid=2167794 m=93 shapes=2169620 eparts=1282
EVALUATIONS count=37120000000 sid=2167798 m=187 shapes=2169620 eparts=1282
EVALUATIONS count=37130000000 sid=590552 m=243 shapes=2169620 eparts=1282
EVALUATIONS count=37140000000 sid=596342 m=335 shapes=2169620 eparts=1282
SHAPES count=2170000 eparts=1283 scanned_to=407
EVALUATIONS count=37150000000 sid=604152 m=111 shapes=2171702 eparts=1283
EVALUATIONS count=37160000000 sid=607518 m=203 shapes=2171702 eparts=1283
EVALUATIONS count=37170000000 sid=571291 m=263 shapes=2171702 eparts=1283
EVALUATIONS count=37180000000 sid=2169620 m=221 shapes=2171702 eparts=1283
EVALUATIONS count=37190000000 sid=606925 m=385 shapes=2171702 eparts=1283
EVALUATIONS count=37200000000 sid=604058 m=81 shapes=2173697 eparts=1283
EVALUATIONS count=37210000000 sid=604058 m=99 shapes=2173697 eparts=1283
EVALUATIONS count=37220000000 sid=1357028 m=277 shapes=2173697 eparts=1283
EVALUATIONS count=37230000000 sid=608178 m=323 shapes=2173697 eparts=1283
EVALUATIONS count=37240000000 sid=2172624 m=395 shapes=2173697 eparts=1283
EVALUATIONS count=37250000000 sid=620872 m=169 shapes=2175822 eparts=1286
EVALUATIONS count=37260000000 sid=2173805 m=187 shapes=2175822 eparts=1286
EVALUATIONS count=37270000000 sid=614006 m=243 shapes=2175822 eparts=1286
EVALUATIONS count=37280000000 sid=619366 m=329 shapes=2175822 eparts=1286
EVALUATIONS count=37290000000 sid=628215 m=129 shapes=2178206 eparts=1287
EVALUATIONS count=37300000000 sid=627072 m=75 shapes=2178206 eparts=1287
EVALUATIONS count=37310000000 sid=7585 m=235 shapes=2178206 eparts=1287
EVALUATIONS count=37320000000 sid=2175822 m=209 shapes=2178206 eparts=1287
EVALUATIONS count=37330000000 sid=123070 m=339 shapes=2178206 eparts=1287
EVALUATIONS count=37340000000 sid=627453 m=375 shapes=2178206 eparts=1287
SHAPES count=2180000 eparts=1287 scanned_to=407
EVALUATIONS count=37350000000 sid=576274 m=157 shapes=2180503 eparts=1287
EVALUATIONS count=37360000000 sid=225 m=207 shapes=2180503 eparts=1287
EVALUATIONS count=37370000000 sid=2173699 m=211 shapes=2180503 eparts=1287
EVALUATIONS count=37380000000 sid=2179931 m=307 shapes=2180503 eparts=1287
EVALUATIONS count=37390000000 sid=2178255 m=309 shapes=2180503 eparts=1287
EVALUATIONS count=37400000000 sid=2180640 m=87 shapes=2184924 eparts=1288
EVALUATIONS count=37410000000 sid=2180503 m=125 shapes=2184924 eparts=1288
EVALUATIONS count=37420000000 sid=2560 m=325 shapes=2184924 eparts=1288
EVALUATIONS count=37430000000 sid=2167594 m=71 shapes=2187233 eparts=1288
EVALUATIONS count=37440000000 sid=2167594 m=169 shapes=2187233 eparts=1288
EVALUATIONS count=37450000000 sid=2167593 m=205 shapes=2187233 eparts=1288
SHAPES count=2190000 eparts=1290 scanned_to=407
EVALUATIONS count=37460000000 sid=2187338 m=7 shapes=2190033 eparts=1290
EVALUATIONS count=37470000000 sid=840122 m=173 shapes=2190033 eparts=1290
EVALUATIONS count=37480000000 sid=1328477 m=223 shapes=2190033 eparts=1290
EVALUATIONS count=37490000000 sid=533712 m=271 shapes=2190033 eparts=1290
EVALUATIONS count=37500000000 sid=840054 m=317 shapes=2190033 eparts=1290
EVALUATIONS count=37510000000 sid=837093 m=247 shapes=2190033 eparts=1290
EVALUATIONS count=37520000000 sid=870111 m=23 shapes=2193233 eparts=1291
EVALUATIONS count=37530000000 sid=2190033 m=55 shapes=2193233 eparts=1291
EVALUATIONS count=37540000000 sid=870111 m=105 shapes=2193233 eparts=1291
EVALUATIONS count=37550000000 sid=2190850 m=217 shapes=2193233 eparts=1291
EVALUATIONS count=37560000000 sid=2190033 m=181 shapes=2193233 eparts=1291
EVALUATIONS count=37570000000 sid=870542 m=325 shapes=2193233 eparts=1291
EVALUATIONS count=37580000000 sid=870111 m=275 shapes=2193233 eparts=1291
EVALUATIONS count=37590000000 sid=872933 m=407 shapes=2193233 eparts=1291
EVALUATIONS count=37600000000 sid=858596 m=159 shapes=2196346 eparts=1291
EVALUATIONS count=37610000000 sid=2187233 m=133 shapes=2196346 eparts=1291
EVALUATIONS count=37620000000 sid=2187233 m=167 shapes=2196346 eparts=1291
EVALUATIONS count=37630000000 sid=2195125 m=265 shapes=2196346 eparts=1291
EVALUATIONS count=37640000000 sid=2187233 m=269 shapes=2196346 eparts=1291
EVALUATIONS count=37650000000 sid=870010 m=343 shapes=2196346 eparts=1291
EVALUATIONS count=37660000000 sid=967292 m=123 shapes=2199807 eparts=1293
EVALUATIONS count=37670000000 sid=968306 m=155 shapes=2199807 eparts=1293
EVALUATIONS count=37680000000 sid=344000 m=199 shapes=2199807 eparts=1293
EVALUATIONS count=37690000000 sid=967074 m=145 shapes=2199807 eparts=1293
EVALUATIONS count=37700000000 sid=967966 m=239 shapes=2199807 eparts=1293
EVALUATIONS count=37710000000 sid=2196460 m=193 shapes=2199807 eparts=1293
EVALUATIONS count=37720000000 sid=967074 m=263 shapes=2199807 eparts=1293
EVALUATIONS count=37730000000 sid=2198595 m=365 shapes=2199807 eparts=1293
SHAPES count=2200000 eparts=1294 scanned_to=407
EVALUATIONS count=37740000000 sid=988486 m=33 shapes=2203984 eparts=1294
EVALUATIONS count=37750000000 sid=2199820 m=143 shapes=2203984 eparts=1294
EVALUATIONS count=37760000000 sid=2199807 m=133 shapes=2203984 eparts=1294
EVALUATIONS count=37770000000 sid=2199808 m=169 shapes=2203984 eparts=1294
EVALUATIONS count=37780000000 sid=627552 m=257 shapes=2203984 eparts=1294
EVALUATIONS count=37790000000 sid=2199807 m=229 shapes=2203984 eparts=1294
EVALUATIONS count=37800000000 sid=2199807 m=261 shapes=2203984 eparts=1294
EVALUATIONS count=37810000000 sid=988789 m=329 shapes=2203984 eparts=1294
EVALUATIONS count=37820000000 sid=2202562 m=361 shapes=2203984 eparts=1294
EVALUATIONS count=37830000000 sid=2196346 m=39 shapes=2208089 eparts=1294
EVALUATIONS count=37840000000 sid=993906 m=153 shapes=2208089 eparts=1294
EVALUATIONS count=37850000000 sid=994912 m=187 shapes=2208089 eparts=1294
EVALUATIONS count=37860000000 sid=988377 m=127 shapes=2208089 eparts=1294
EVALUATIONS count=37870000000 sid=2204433 m=231 shapes=2208089 eparts=1294
EVALUATIONS count=37880000000 sid=988377 m=209 shapes=2208089 eparts=1294
EVALUATIONS count=37890000000 sid=2207610 m=309 shapes=2208089 eparts=1294
EVALUATIONS count=37900000000 sid=988377 m=223 shapes=2208089 eparts=1294
EVALUATIONS count=37910000000 sid=994003 m=359 shapes=2208089 eparts=1294
EVALUATIONS count=37920000000 sid=2206817 m=381 shapes=2208089 eparts=1294
SHAPES count=2210000 eparts=1295 scanned_to=407
EVALUATIONS count=37930000000 sid=2200359 m=161 shapes=2215687 eparts=1295
EVALUATIONS count=37940000000 sid=1720390 m=217 shapes=2215687 eparts=1295
EVALUATIONS count=37950000000 sid=2209878 m=257 shapes=2215687 eparts=1295
EVALUATIONS count=37960000000 sid=2208094 m=281 shapes=2215687 eparts=1295
EVALUATIONS count=37970000000 sid=2208127 m=341 shapes=2215687 eparts=1295
EVALUATIONS count=37980000000 sid=488779 m=147 shapes=2219849 eparts=1295
EVALUATIONS count=37990000000 sid=2167476 m=117 shapes=2219849 eparts=1295
EVALUATIONS count=38000000000 sid=2215747 m=199 shapes=2219849 eparts=1295
EVALUATIONS count=38010000000 sid=2215748 m=261 shapes=2219849 eparts=1295
EVALUATIONS count=38020000000 sid=2215702 m=353 shapes=2219849 eparts=1295
SHAPES count=2220000 eparts=1297 scanned_to=407
EVALUATIONS count=38030000000 sid=610662 m=107 shapes=2222277 eparts=1299
EVALUATIONS count=38040000000 sid=610057 m=139 shapes=2222277 eparts=1299
EVALUATIONS count=38050000000 sid=610057 m=165 shapes=2222277 eparts=1299
EVALUATIONS count=38060000000 sid=610057 m=221 shapes=2222277 eparts=1299
EVALUATIONS count=38070000000 sid=2220298 m=373 shapes=2222277 eparts=1299
EVALUATIONS count=38080000000 sid=2222551 m=117 shapes=2224294 eparts=1299
EVALUATIONS count=38090000000 sid=474805 m=207 shapes=2224294 eparts=1299
EVALUATIONS count=38100000000 sid=2224267 m=261 shapes=2224294 eparts=1299
EVALUATIONS count=38110000000 sid=590456 m=261 shapes=2224294 eparts=1299
EVALUATIONS count=38120000000 sid=613206 m=391 shapes=2224294 eparts=1299
EVALUATIONS count=38130000000 sid=633084 m=45 shapes=2226744 eparts=1300
EVALUATIONS count=38140000000 sid=633084 m=129 shapes=2226744 eparts=1300
EVALUATIONS count=38150000000 sid=2224304 m=235 shapes=2226744 eparts=1300
EVALUATIONS count=38160000000 sid=2175292 m=317 shapes=2226744 eparts=1300
EVALUATIONS count=38170000000 sid=633437 m=333 shapes=2226744 eparts=1300
EVALUATIONS count=38180000000 sid=2174533 m=135 shapes=2229115 eparts=1300
EVALUATIONS count=38190000000 sid=2219967 m=77 shapes=2229115 eparts=1300
EVALUATIONS count=38200000000 sid=2219967 m=153 shapes=2229115 eparts=1300
EPARTS count=1300 shapes=2229115 scanned_to=407
SHAPES count=2230000 eparts=1302 scanned_to=407
EVALUATIONS count=38210000000 sid=876134 m=65 shapes=2232508 eparts=1302
EVALUATIONS count=38220000000 sid=2230732 m=189 shapes=2232508 eparts=1302
EVALUATIONS count=38230000000 sid=2229231 m=187 shapes=2232508 eparts=1302
EVALUATIONS count=38240000000 sid=876134 m=175 shapes=2232508 eparts=1302
EVALUATIONS count=38250000000 sid=1396818 m=309 shapes=2232508 eparts=1302
EVALUATIONS count=38260000000 sid=878490 m=343 shapes=2232508 eparts=1302
EVALUATIONS count=38270000000 sid=2229232 m=337 shapes=2232508 eparts=1302
EVALUATIONS count=38280000000 sid=558335 m=133 shapes=2236732 eparts=1302
EVALUATIONS count=38290000000 sid=2203002 m=163 shapes=2236732 eparts=1302
EVALUATIONS count=38300000000 sid=2229115 m=107 shapes=2236732 eparts=1302
EVALUATIONS count=38310000000 sid=995997 m=147 shapes=2236732 eparts=1302
EVALUATIONS count=38320000000 sid=5029 m=253 shapes=2236732 eparts=1302
EVALUATIONS count=38330000000 sid=998947 m=277 shapes=2236732 eparts=1302
EVALUATIONS count=38340000000 sid=996159 m=311 shapes=2236732 eparts=1302
EVALUATIONS count=38350000000 sid=995997 m=257 shapes=2236732 eparts=1302
EVALUATIONS count=38360000000 sid=633941 m=371 shapes=2236732 eparts=1302
EVALUATIONS count=38370000000 sid=1723565 m=401 shapes=2236732 eparts=1302
SHAPES count=2240000 eparts=1302 scanned_to=407
EVALUATIONS count=38380000000 sid=880461 m=137 shapes=2244343 eparts=1302
EVALUATIONS count=38390000000 sid=204 m=159 shapes=2244343 eparts=1302
EVALUATIONS count=38400000000 sid=2219850 m=133 shapes=2244343 eparts=1302
EVALUATIONS count=38410000000 sid=197 m=203 shapes=2244343 eparts=1302
EVALUATIONS count=38420000000 sid=880591 m=223 shapes=2244343 eparts=1302
EVALUATIONS count=38430000000 sid=2219849 m=171 shapes=2244343 eparts=1302
EVALUATIONS count=38440000000 sid=2219849 m=155 shapes=2244343 eparts=1302
EVALUATIONS count=38450000000 sid=2219849 m=181 shapes=2244343 eparts=1302
EVALUATIONS count=38460000000 sid=1002396 m=301 shapes=2244343 eparts=1302
EVALUATIONS count=38470000000 sid=624924 m=319 shapes=2244343 eparts=1302
EVALUATIONS count=38480000000 sid=853380 m=229 shapes=2244343 eparts=1302
EVALUATIONS count=38490000000 sid=2219849 m=295 shapes=2244343 eparts=1302
EVALUATIONS count=38500000000 sid=2219849 m=255 shapes=2244343 eparts=1302
EVALUATIONS count=38510000000 sid=988265 m=325 shapes=2244343 eparts=1302
EVALUATIONS count=38520000000 sid=2246089 m=119 shapes=2246934 eparts=1304
EVALUATIONS count=38530000000 sid=2244462 m=117 shapes=2246934 eparts=1304
EVALUATIONS count=38540000000 sid=2245027 m=321 shapes=2246934 eparts=1304
SHAPES count=2250000 eparts=1304 scanned_to=407
EVALUATIONS count=38550000000 sid=2244343 m=47 shapes=2251224 eparts=1304
EVALUATIONS count=38560000000 sid=2250018 m=165 shapes=2251224 eparts=1304
EVALUATIONS count=38570000000 sid=2244343 m=133 shapes=2251224 eparts=1304
EVALUATIONS count=38580000000 sid=2280 m=283 shapes=2251224 eparts=1304
EVALUATIONS count=38590000000 sid=2247992 m=307 shapes=2251224 eparts=1304
EVALUATIONS count=38600000000 sid=2244343 m=315 shapes=2251224 eparts=1304
EVALUATIONS count=38610000000 sid=2167350 m=77 shapes=2258108 eparts=1304
EVALUATIONS count=38620000000 sid=2167350 m=113 shapes=2258108 eparts=1304
EVALUATIONS count=38630000000 sid=2167350 m=147 shapes=2258108 eparts=1304
EVALUATIONS count=38640000000 sid=2167350 m=225 shapes=2258108 eparts=1304
EVALUATIONS count=38650000000 sid=2244235 m=355 shapes=2258108 eparts=1304
EVALUATIONS count=38660000000 sid=2167350 m=323 shapes=2258108 eparts=1304
SHAPES count=2260000 eparts=1308 scanned_to=407
EVALUATIONS count=38670000000 sid=197 m=161 shapes=2261427 eparts=1308
EVALUATIONS count=38680000000 sid=847767 m=141 shapes=2261427 eparts=1308
EVALUATIONS count=38690000000 sid=847767 m=153 shapes=2261427 eparts=1308
EVALUATIONS count=38700000000 sid=2259546 m=287 shapes=2261427 eparts=1308
EVALUATIONS count=38710000000 sid=594038 m=329 shapes=2261427 eparts=1308
EVALUATIONS count=38720000000 sid=491749 m=371 shapes=2261427 eparts=1308
EVALUATIONS count=38730000000 sid=290476 m=125 shapes=2264332 eparts=1308
EVALUATIONS count=38740000000 sid=2258358 m=133 shapes=2264332 eparts=1308
EVALUATIONS count=38750000000 sid=822858 m=105 shapes=2264332 eparts=1308
EVALUATIONS count=38760000000 sid=851932 m=235 shapes=2264332 eparts=1308
EVALUATIONS count=38770000000 sid=822858 m=217 shapes=2264332 eparts=1308
EVALUATIONS count=38780000000 sid=846634 m=327 shapes=2264332 eparts=1308
EVALUATIONS count=38790000000 sid=822858 m=279 shapes=2264332 eparts=1308
SHAPES count=2270000 eparts=1310 scanned_to=407
EVALUATIONS count=38800000000 sid=2269241 m=121 shapes=2270003 eparts=1310
EVALUATIONS count=38810000000 sid=910376 m=95 shapes=2271650 eparts=1310
EVALUATIONS count=38820000000 sid=192722 m=193 shapes=2271650 eparts=1310
EVALUATIONS count=38830000000 sid=491126 m=229 shapes=2271650 eparts=1310
EVALUATIONS count=38840000000 sid=2264332 m=203 shapes=2271650 eparts=1310
EVALUATIONS count=38850000000 sid=2264332 m=215 shapes=2271650 eparts=1310
EVALUATIONS count=38860000000 sid=2264332 m=247 shapes=2271650 eparts=1310
EVALUATIONS count=38870000000 sid=2264332 m=305 shapes=2271650 eparts=1310
EVALUATIONS count=38880000000 sid=2264996 m=351 shapes=2271650 eparts=1310
EVALUATIONS count=38890000000 sid=2273886 m=151 shapes=2275403 eparts=1311
EVALUATIONS count=38900000000 sid=919920 m=185 shapes=2275403 eparts=1311
EVALUATIONS count=38910000000 sid=2273134 m=203 shapes=2275403 eparts=1311
EVALUATIONS count=38920000000 sid=917293 m=159 shapes=2275403 eparts=1311
EVALUATIONS count=38930000000 sid=917313 m=285 shapes=2275403 eparts=1311
EVALUATIONS count=38940000000 sid=2275160 m=313 shapes=2275403 eparts=1311
EVALUATIONS count=38950000000 sid=917293 m=249 shapes=2275403 eparts=1311
EVALUATIONS count=38960000000 sid=919136 m=387 shapes=2275403 eparts=1311
EVALUATIONS count=38970000000 sid=910265 m=31 shapes=2279084 eparts=1311
EVALUATIONS count=38980000000 sid=196452 m=157 shapes=2279084 eparts=1311
EVALUATIONS count=38990000000 sid=1401098 m=183 shapes=2279084 eparts=1311
EVALUATIONS count=39000000000 sid=920883 m=159 shapes=2279084 eparts=1311
EVALUATIONS count=39010000000 sid=2278843 m=229 shapes=2279084 eparts=1311
EVALUATIONS count=39020000000 sid=923270 m=261 shapes=2279084 eparts=1311
EVALUATIONS count=39030000000 sid=554613 m=287 shapes=2279084 eparts=1311
EVALUATIONS count=39040000000 sid=2258241 m=259 shapes=2279084 eparts=1311
EVALUATIONS count=39050000000 sid=292403 m=325 shapes=2279084 eparts=1311
EVALUATIONS count=39060000000 sid=279171 m=281 shapes=2279084 eparts=1311
EVALUATIONS count=39070000000 sid=279171 m=307 shapes=2279084 eparts=1311
SHAPES count=2280000 eparts=1315 scanned_to=407
EVALUATIONS count=39080000000 sid=2281597 m=121 shapes=2283245 eparts=1315
EVALUATIONS count=39090000000 sid=2280550 m=165 shapes=2283245 eparts=1315
EVALUATIONS count=39100000000 sid=1131216 m=169 shapes=2283245 eparts=1315
EVALUATIONS count=39110000000 sid=2281092 m=197 shapes=2283245 eparts=1315
EVALUATIONS count=39120000000 sid=1130718 m=261 shapes=2283245 eparts=1315
EVALUATIONS count=39130000000 sid=5262 m=293 shapes=2283245 eparts=1315
EVALUATIONS count=39140000000 sid=2279383 m=297 shapes=2283245 eparts=1315
EVALUATIONS count=39150000000 sid=594420 m=355 shapes=2283245 eparts=1315
EVALUATIONS count=39160000000 sid=2281012 m=387 shapes=2283245 eparts=1315
EVALUATIONS count=39170000000 sid=2283245 m=21 shapes=2288353 eparts=1316
EVALUATIONS count=39180000000 sid=1137666 m=41 shapes=2288353 eparts=1316
EVALUATIONS count=39190000000 sid=2284478 m=151 shapes=2288353 eparts=1316
EVALUATIONS count=39200000000 sid=2285046 m=205 shapes=2288353 eparts=1316
EVALUATIONS count=39210000000 sid=1338059 m=229 shapes=2288353 eparts=1316
EVALUATIONS count=39220000000 sid=402915 m=255 shapes=2288353 eparts=1316
EVALUATIONS count=39230000000 sid=1137666 m=181 shapes=2288353 eparts=1316
EVALUATIONS count=39240000000 sid=2283245 m=235 shapes=2288353 eparts=1316
EVALUATIONS count=39250000000 sid=2284177 m=311 shapes=2288353 eparts=1316
EVALUATIONS count=39260000000 sid=1137666 m=265 shapes=2288353 eparts=1316
EVALUATIONS count=39270000000 sid=1140585 m=361 shapes=2288353 eparts=1316
EVALUATIONS count=39280000000 sid=2284026 m=379 shapes=2288353 eparts=1316
SHAPES count=2290000 eparts=1316 scanned_to=407
EVALUATIONS count=39290000000 sid=1137551 m=71 shapes=2293419 eparts=1316
EVALUATIONS count=39300000000 sid=2279211 m=89 shapes=2293419 eparts=1316
EVALUATIONS count=39310000000 sid=1140649 m=193 shapes=2293419 eparts=1316
EVALUATIONS count=39320000000 sid=632549 m=217 shapes=2293419 eparts=1316
EVALUATIONS count=39330000000 sid=2279212 m=189 shapes=2293419 eparts=1316
EVALUATIONS count=39340000000 sid=2291529 m=229 shapes=2293419 eparts=1316
EVALUATIONS count=39350000000 sid=2279211 m=195 shapes=2293419 eparts=1316
EVALUATIONS count=39360000000 sid=2279211 m=245 shapes=2293419 eparts=1316
EVALUATIONS count=39370000000 sid=2279211 m=265 shapes=2293419 eparts=1316
EVALUATIONS count=39380000000 sid=1142976 m=323 shapes=2293419 eparts=1316
EVALUATIONS count=39390000000 sid=1145112 m=357 shapes=2293419 eparts=1316
SHAPES count=2300000 eparts=1317 scanned_to=407
EVALUATIONS count=39400000000 sid=2295264 m=129 shapes=2302585 eparts=1317
EVALUATIONS count=39410000000 sid=2293420 m=103 shapes=2302585 eparts=1317
EVALUATIONS count=39420000000 sid=225 m=217 shapes=2302585 eparts=1317
EVALUATIONS count=39430000000 sid=2293419 m=169 shapes=2302585 eparts=1317
EVALUATIONS count=39440000000 sid=2293422 m=259 shapes=2302585 eparts=1317
EVALUATIONS count=39450000000 sid=2297172 m=351 shapes=2302585 eparts=1317
EVALUATIONS count=39460000000 sid=2293419 m=321 shapes=2302585 eparts=1317
EVALUATIONS count=39470000000 sid=2303101 m=105 shapes=2307754 eparts=1317
EVALUATIONS count=39480000000 sid=7450 m=195 shapes=2307754 eparts=1317
EVALUATIONS count=39490000000 sid=2307101 m=237 shapes=2307754 eparts=1317
EVALUATIONS count=39500000000 sid=2307468 m=281 shapes=2307754 eparts=1317
EVALUATIONS count=39510000000 sid=2303137 m=273 shapes=2307754 eparts=1317
EVALUATIONS count=39520000000 sid=2279084 m=259 shapes=2307754 eparts=1317
SHAPES count=2310000 eparts=1319 scanned_to=407
EVALUATIONS count=39530000000 sid=2307880 m=37 shapes=2311896 eparts=1319
EVALUATIONS count=39540000000 sid=2307880 m=67 shapes=2311896 eparts=1319
EVALUATIONS count=39550000000 sid=1130219 m=135 shapes=2311896 eparts=1319
EVALUATIONS count=39560000000 sid=2307880 m=149 shapes=2311896 eparts=1319
EVALUATIONS count=39570000000 sid=2307880 m=143 shapes=2311896 eparts=1319
EVALUATIONS count=39580000000 sid=1130224 m=235 shapes=2311896 eparts=1319
EVALUATIONS count=39590000000 sid=1137296 m=305 shapes=2311896 eparts=1319
EVALUATIONS count=39600000000 sid=2307880 m=227 shapes=2311896 eparts=1319
EVALUATIONS count=39610000000 sid=42894 m=367 shapes=2311896 eparts=1319
EVALUATIONS count=39620000000 sid=1130219 m=333 shapes=2311896 eparts=1319
EVALUATIONS count=39630000000 sid=887079 m=135 shapes=2317277 eparts=1320
EVALUATIONS count=39640000000 sid=1147528 m=127 shapes=2317277 eparts=1320
EVALUATIONS count=39650000000 sid=2311896 m=89 shapes=2317277 eparts=1320
EVALUATIONS count=39660000000 sid=2311896 m=95 shapes=2317277 eparts=1320
EVALUATIONS count=39670000000 sid=1149342 m=229 shapes=2317277 eparts=1320
EVALUATIONS count=39680000000 sid=2311900 m=203 shapes=2317277 eparts=1320
EVALUATIONS count=39690000000 sid=1146726 m=167 shapes=2317277 eparts=1320
EVALUATIONS count=39700000000 sid=1149113 m=289 shapes=2317277 eparts=1320
EVALUATIONS count=39710000000 sid=2312834 m=281 shapes=2317277 eparts=1320
EVALUATIONS count=39720000000 sid=2311896 m=241 shapes=2317277 eparts=1320
EVALUATIONS count=39730000000 sid=2311896 m=299 shapes=2317277 eparts=1320
EVALUATIONS count=39740000000 sid=1150824 m=385 shapes=2317277 eparts=1320
SHAPES count=2320000 eparts=1320 scanned_to=407
EVALUATIONS count=39750000000 sid=1152524 m=131 shapes=2322656 eparts=1320
EVALUATIONS count=39760000000 sid=1137431 m=121 shapes=2322656 eparts=1320
EVALUATIONS count=39770000000 sid=1152645 m=137 shapes=2322656 eparts=1320
EVALUATIONS count=39780000000 sid=2307754 m=123 shapes=2322656 eparts=1320
EVALUATIONS count=39790000000 sid=2307759 m=173 shapes=2322656 eparts=1320
EVALUATIONS count=39800000000 sid=2277593 m=245 shapes=2322656 eparts=1320
EVALUATIONS count=39810000000 sid=1137431 m=193 shapes=2322656 eparts=1320
EVALUATIONS count=39820000000 sid=2307754 m=173 shapes=2322656 eparts=1320
EVALUATIONS count=39830000000 sid=2307754 m=229 shapes=2322656 eparts=1320
EVALUATIONS count=39840000000 sid=1155379 m=327 shapes=2322656 eparts=1320
EVALUATIONS count=39850000000 sid=1827592 m=361 shapes=2322656 eparts=1320
EVALUATIONS count=39860000000 sid=1154959 m=383 shapes=2322656 eparts=1320
EVALUATIONS count=39870000000 sid=2307755 m=337 shapes=2322656 eparts=1320
SHAPES count=2330000 eparts=1321 scanned_to=407
EVALUATIONS count=39880000000 sid=2323924 m=141 shapes=2332237 eparts=1321
EVALUATIONS count=39890000000 sid=1312174 m=199 shapes=2332237 eparts=1321
EVALUATIONS count=39900000000 sid=2322663 m=195 shapes=2332237 eparts=1321
EVALUATIONS count=39910000000 sid=1656794 m=281 shapes=2332237 eparts=1321
EVALUATIONS count=39920000000 sid=2322656 m=217 shapes=2332237 eparts=1321
EVALUATIONS count=39930000000 sid=2322741 m=309 shapes=2332237 eparts=1321
EVALUATIONS count=39940000000 sid=2322661 m=355 shapes=2332237 eparts=1321
EVALUATIONS count=39950000000 sid=199305 m=157 shapes=2337748 eparts=1321
EVALUATIONS count=39960000000 sid=1823309 m=197 shapes=2337748 eparts=1321
EVALUATIONS count=39970000000 sid=2336415 m=237 shapes=2337748 eparts=1321
EVALUATIONS count=39980000000 sid=2258108 m=217 shapes=2337748 eparts=1321
EVALUATIONS count=39990000000 sid=1829247 m=317 shapes=2337748 eparts=1321
EVALUATIONS count=40000000000 sid=2337451 m=357 shapes=2337748 eparts=1321
EVALUATIONS count=40010000000 sid=2258110 m=327 shapes=2337748 eparts=1321
SHAPES count=2340000 eparts=1326 scanned_to=407
EVALUATIONS count=40020000000 sid=924388 m=67 shapes=2341903 eparts=1326
EVALUATIONS count=40030000000 sid=904858 m=177 shapes=2341903 eparts=1326
EVALUATIONS count=40040000000 sid=440481 m=211 shapes=2341903 eparts=1326
EVALUATIONS count=40050000000 sid=924388 m=151 shapes=2341903 eparts=1326
EVALUATIONS count=40060000000 sid=924388 m=223 shapes=2341903 eparts=1326
EVALUATIONS count=40070000000 sid=610775 m=311 shapes=2341903 eparts=1326
EVALUATIONS count=40080000000 sid=2338964 m=345 shapes=2341903 eparts=1326
EVALUATIONS count=40090000000 sid=925088 m=349 shapes=2341903 eparts=1326
EVALUATIONS count=40100000000 sid=2345558 m=111 shapes=2347150 eparts=1326
EVALUATIONS count=40110000000 sid=2338015 m=107 shapes=2347150 eparts=1326
EVALUATIONS count=40120000000 sid=1156880 m=133 shapes=2347150 eparts=1326
EVALUATIONS count=40130000000 sid=1338150 m=197 shapes=2347150 eparts=1326
EVALUATIONS count=40140000000 sid=2343128 m=193 shapes=2347150 eparts=1326
EVALUATIONS count=40150000000 sid=1158182 m=215 shapes=2347150 eparts=1326
EVALUATIONS count=40160000000 sid=607497 m=269 shapes=2347150 eparts=1326
EVALUATIONS count=40170000000 sid=2343471 m=277 shapes=2347150 eparts=1326
EVALUATIONS count=40180000000 sid=2341477 m=317 shapes=2347150 eparts=1326
EVALUATIONS count=40190000000 sid=147608 m=341 shapes=2347150 eparts=1326
EVALUATIONS count=40200000000 sid=2338008 m=263 shapes=2347150 eparts=1326
EVALUATIONS count=40210000000 sid=1156317 m=295 shapes=2347150 eparts=1326
SHAPES count=2350000 eparts=1326 scanned_to=407
EVALUATIONS count=40220000000 sid=924277 m=31 shapes=2355612 eparts=1326
EVALUATIONS count=40230000000 sid=899752 m=139 shapes=2356379 eparts=1326
EVALUATIONS count=40240000000 sid=1065869 m=157 shapes=2356379 eparts=1326
EVALUATIONS count=40250000000 sid=924277 m=65 shapes=2356379 eparts=1326
EVALUATIONS count=40260000000 sid=1156197 m=79 shapes=2356379 eparts=1326
EVALUATIONS count=40270000000 sid=2228530 m=209 shapes=2356379 eparts=1326
EVALUATIONS count=40280000000 sid=929230 m=227 shapes=2356379 eparts=1326
EVALUATIONS count=40290000000 sid=2337881 m=167 shapes=2356379 eparts=1326
EVALUATIONS count=40300000000 sid=2350948 m=249 shapes=2356379 eparts=1326
EVALUATIONS count=40310000000 sid=1162103 m=253 shapes=2356379 eparts=1326
EVALUATIONS count=40320000000 sid=1161768 m=295 shapes=2356379 eparts=1326
EVALUATIONS count=40330000000 sid=2353351 m=313 shapes=2356379 eparts=1326
EVALUATIONS count=40340000000 sid=1067379 m=331 shapes=2356379 eparts=1326
EVALUATIONS count=40350000000 sid=1164114 m=349 shapes=2356379 eparts=1326
EVALUATIONS count=40360000000 sid=898636 m=365 shapes=2356379 eparts=1326
EVALUATIONS count=40370000000 sid=1156197 m=269 shapes=2356379 eparts=1326
EVALUATIONS count=40380000000 sid=924281 m=349 shapes=2356379 eparts=1326
SHAPES count=2360000 eparts=1327 scanned_to=407
EVALUATIONS count=40390000000 sid=2356379 m=71 shapes=2361868 eparts=1327
EVALUATIONS count=40400000000 sid=2159440 m=187 shapes=2361868 eparts=1327
EVALUATIONS count=40410000000 sid=2356511 m=207 shapes=2361868 eparts=1327
EVALUATIONS count=40420000000 sid=2359025 m=273 shapes=2361868 eparts=1327
EVALUATIONS count=40430000000 sid=2357624 m=315 shapes=2361868 eparts=1327
EVALUATIONS count=40440000000 sid=2356379 m=293 shapes=2361868 eparts=1327
EVALUATIONS count=40450000000 sid=2358928 m=365 shapes=2361868 eparts=1327
EVALUATIONS count=40460000000 sid=2337749 m=89 shapes=2367404 eparts=1327
EVALUATIONS count=40470000000 sid=5335 m=193 shapes=2367404 eparts=1327
EVALUATIONS count=40480000000 sid=2362076 m=185 shapes=2367404 eparts=1327
EVALUATIONS count=40490000000 sid=2337748 m=171 shapes=2367404 eparts=1327
EVALUATIONS count=40500000000 sid=2362374 m=317 shapes=2367404 eparts=1327
EVALUATIONS count=40510000000 sid=2337748 m=239 shapes=2367404 eparts=1327
EVALUATIONS count=40520000000 sid=2354705 m=397 shapes=2367404 eparts=1327
SHAPES count=2370000 eparts=1330 scanned_to=407
EVALUATIONS count=40530000000 sid=2367665 m=63 shapes=2371567 eparts=1330
EVALUATIONS count=40540000000 sid=931422 m=97 shapes=2371567 eparts=1330
EVALUATIONS count=40550000000 sid=2367690 m=151 shapes=2371567 eparts=1330
EVALUATIONS count=40560000000 sid=491708 m=213 shapes=2371567 eparts=1330
EVALUATIONS count=40570000000 sid=1401117 m=237 shapes=2371567 eparts=1330
EVALUATIONS count=40580000000 sid=25471 m=263 shapes=2371567 eparts=1330
EVALUATIONS count=40590000000 sid=931421 m=183 shapes=2371567 eparts=1330
EVALUATIONS count=40600000000 sid=454272 m=299 shapes=2371567 eparts=1330
EVALUATIONS count=40610000000 sid=2367704 m=293 shapes=2371567 eparts=1330
EVALUATIONS count=40620000000 sid=918569 m=361 shapes=2371567 eparts=1330
EVALUATIONS count=40630000000 sid=452956 m=367 shapes=2371567 eparts=1330
EVALUATIONS count=40640000000 sid=1170766 m=115 shapes=2377135 eparts=1330
EVALUATIONS count=40650000000 sid=1159898 m=145 shapes=2377135 eparts=1330
EVALUATIONS count=40660000000 sid=197 m=167 shapes=2377135 eparts=1330
EVALUATIONS count=40670000000 sid=2367536 m=103 shapes=2377135 eparts=1330
EVALUATIONS count=40680000000 sid=2367536 m=163 shapes=2377135 eparts=1330
EVALUATIONS count=40690000000 sid=1348207 m=233 shapes=2377135 eparts=1330
EVALUATIONS count=40700000000 sid=2373992 m=255 shapes=2377135 eparts=1330
EVALUATIONS count=40710000000 sid=2558 m=277 shapes=2377135 eparts=1330
EVALUATIONS count=40720000000 sid=1165849 m=243 shapes=2377135 eparts=1330
EVALUATIONS count=40730000000 sid=541368 m=321 shapes=2377135 eparts=1330
EVALUATIONS count=40740000000 sid=1165846 m=231 shapes=2377135 eparts=1330
EVALUATIONS count=40750000000 sid=474386 m=367 shapes=2377135 eparts=1330
EVALUATIONS count=40760000000 sid=1311687 m=389 shapes=2377135 eparts=1330
SHAPES count=2380000 eparts=1330 scanned_to=407
EVALUATIONS count=40770000000 sid=817953 m=39 shapes=2385826 eparts=1330
EVALUATIONS count=40780000000 sid=818005 m=81 shapes=2386925 eparts=1330
EVALUATIONS count=40790000000 sid=935123 m=105 shapes=2386925 eparts=1330
EVALUATIONS count=40800000000 sid=1175352 m=165 shapes=2386925 eparts=1330
EVALUATIONS count=40810000000 sid=1130096 m=121 shapes=2386925 eparts=1330
EVALUATIONS count=40820000000 sid=2367404 m=107 shapes=2386925 eparts=1330
EVALUATIONS count=40830000000 sid=260287 m=205 shapes=2386925 eparts=1330
EVALUATIONS count=40840000000 sid=2367404 m=135 shapes=2386925 eparts=1330
EVALUATIONS count=40850000000 sid=210668 m=205 shapes=2386925 eparts=1330
EVALUATIONS count=40860000000 sid=1130095 m=155 shapes=2386925 eparts=1330
EVALUATIONS count=40870000000 sid=937253 m=261 shapes=2386925 eparts=1330
EVALUATIONS count=40880000000 sid=541908 m=275 shapes=2386925 eparts=1330
EVALUATIONS count=40890000000 sid=2367412 m=245 shapes=2386925 eparts=1330
EVALUATIONS count=40900000000 sid=2367404 m=253 shapes=2386925 eparts=1330
EVALUATIONS count=40910000000 sid=264352 m=315 shapes=2386925 eparts=1330
EVALUATIONS count=40920000000 sid=5114 m=329 shapes=2386925 eparts=1330
EVALUATIONS count=40930000000 sid=2515 m=343 shapes=2386925 eparts=1330
EVALUATIONS count=40940000000 sid=1130095 m=275 shapes=2386925 eparts=1330
EVALUATIONS count=40950000000 sid=1130095 m=253 shapes=2386925 eparts=1330
EVALUATIONS count=40960000000 sid=11937 m=381 shapes=2386925 eparts=1330
EVALUATIONS count=40970000000 sid=1172350 m=395 shapes=2386925 eparts=1330
SHAPES count=2390000 eparts=1331 scanned_to=407
EVALUATIONS count=40980000000 sid=2392438 m=115 shapes=2392770 eparts=1331
EVALUATIONS count=40990000000 sid=1652895 m=161 shapes=2392770 eparts=1331
EVALUATIONS count=41000000000 sid=2390199 m=177 shapes=2392770 eparts=1331
EVALUATIONS count=41010000000 sid=2386925 m=135 shapes=2392770 eparts=1331
EVALUATIONS count=41020000000 sid=2386925 m=183 shapes=2392770 eparts=1331
EVALUATIONS count=41030000000 sid=1799878 m=317 shapes=2392770 eparts=1331
EVALUATIONS count=41040000000 sid=2386925 m=255 shapes=2392770 eparts=1331
EVALUATIONS count=41050000000 sid=2386925 m=307 shapes=2392770 eparts=1331
EVALUATIONS count=41060000000 sid=2112036 m=65 shapes=2398750 eparts=1331
SHAPES count=2400000 eparts=1338 scanned_to=407
EVALUATIONS count=41070000000 sid=2399983 m=121 shapes=2401681 eparts=1338
EVALUATIONS count=41080000000 sid=90706 m=159 shapes=2401704 eparts=1338
EVALUATIONS count=41090000000 sid=713932 m=79 shapes=2401704 eparts=1338
EVALUATIONS count=41100000000 sid=713935 m=191 shapes=2401704 eparts=1338
EVALUATIONS count=41110000000 sid=2399162 m=245 shapes=2401704 eparts=1338
EVALUATIONS count=41120000000 sid=2522 m=309 shapes=2401704 eparts=1338
EVALUATIONS count=41130000000 sid=713932 m=295 shapes=2401704 eparts=1338
EVALUATIONS count=41140000000 sid=2399162 m=313 shapes=2401704 eparts=1338
EVALUATIONS count=41150000000 sid=2402805 m=119 shapes=2404437 eparts=1338
EVALUATIONS count=41160000000 sid=2403562 m=181 shapes=2404437 eparts=1338
EVALUATIONS count=41170000000 sid=2402665 m=227 shapes=2404437 eparts=1338
EVALUATIONS count=41180000000 sid=165771 m=273 shapes=2404437 eparts=1338
EVALUATIONS count=41190000000 sid=765219 m=205 shapes=2404437 eparts=1338
EVALUATIONS count=41200000000 sid=1312150 m=367 shapes=2404437 eparts=1338
EVALUATIONS count=41210000000 sid=474582 m=125 shapes=2407668 eparts=1341
EVALUATIONS count=41220000000 sid=722790 m=167 shapes=2407668 eparts=1341
EVALUATIONS count=41230000000 sid=752359 m=145 shapes=2407668 eparts=1341
EVALUATIONS count=41240000000 sid=180568 m=249 shapes=2407668 eparts=1341
EVALUATIONS count=41250000000 sid=752359 m=181 shapes=2407668 eparts=1341
EVALUATIONS count=41260000000 sid=2404660 m=239 shapes=2407668 eparts=1341
EVALUATIONS count=41270000000 sid=752442 m=349 shapes=2407668 eparts=1341
SHAPES count=2410000 eparts=1341 scanned_to=407
EVALUATIONS count=41280000000 sid=2404553 m=77 shapes=2410581 eparts=1341
EVALUATIONS count=41290000000 sid=1483540 m=169 shapes=2410581 eparts=1341
EVALUATIONS count=41300000000 sid=2404553 m=133 shapes=2410581 eparts=1341
EVALUATIONS count=41310000000 sid=2404553 m=133 shapes=2410581 eparts=1341
EVALUATIONS count=41320000000 sid=2404642 m=277 shapes=2410581 eparts=1341
EVALUATIONS count=41330000000 sid=2408777 m=327 shapes=2410581 eparts=1341
EVALUATIONS count=41340000000 sid=752258 m=287 shapes=2410581 eparts=1341
EVALUATIONS count=41350000000 sid=2410581 m=47 shapes=2414071 eparts=1342
EVALUATIONS count=41360000000 sid=802365 m=133 shapes=2414071 eparts=1342
EVALUATIONS count=41370000000 sid=802113 m=169 shapes=2414071 eparts=1342
EVALUATIONS count=41380000000 sid=803055 m=231 shapes=2414071 eparts=1342
EVALUATIONS count=41390000000 sid=2410581 m=189 shapes=2414071 eparts=1342
EVALUATIONS count=41400000000 sid=686750 m=323 shapes=2414071 eparts=1342
EVALUATIONS count=41410000000 sid=802907 m=331 shapes=2414071 eparts=1342
EVALUATIONS count=41420000000 sid=802703 m=371 shapes=2414071 eparts=1342
EVALUATIONS count=41430000000 sid=802004 m=91 shapes=2417473 eparts=1342
EVALUATIONS count=41440000000 sid=163810 m=189 shapes=2417473 eparts=1342
EVALUATIONS count=41450000000 sid=2415929 m=227 shapes=2417473 eparts=1342
EVALUATIONS count=41460000000 sid=802004 m=211 shapes=2417473 eparts=1342
EVALUATIONS count=41470000000 sid=802004 m=185 shapes=2417473 eparts=1342
EVALUATIONS count=41480000000 sid=756140 m=341 shapes=2417473 eparts=1342
EVALUATIONS count=41490000000 sid=2413358 m=379 shapes=2417473 eparts=1342
SHAPES count=2420000 eparts=1344 scanned_to=407
EVALUATIONS count=41500000000 sid=2419168 m=129 shapes=2420666 eparts=1344
EVALUATIONS count=41510000000 sid=2419556 m=169 shapes=2420666 eparts=1344
EVALUATIONS count=41520000000 sid=1498128 m=209 shapes=2420666 eparts=1344
EVALUATIONS count=41530000000 sid=484417 m=251 shapes=2420666 eparts=1344
EVALUATIONS count=41540000000 sid=484420 m=291 shapes=2420666 eparts=1344
EVALUATIONS count=41550000000 sid=2417593 m=283 shapes=2420666 eparts=1344
EVALUATIONS count=41560000000 sid=761452 m=371 shapes=2420666 eparts=1344
EVALUATIONS count=41570000000 sid=2421804 m=111 shapes=2424213 eparts=1344
EVALUATIONS count=41580000000 sid=2678 m=159 shapes=2424213 eparts=1344
EVALUATIONS count=41590000000 sid=2417473 m=111 shapes=2424213 eparts=1344
EVALUATIONS count=41600000000 sid=5893 m=233 shapes=2424213 eparts=1344
EVALUATIONS count=41610000000 sid=808260 m=161 shapes=2424213 eparts=1344
EVALUATIONS count=41620000000 sid=808260 m=229 shapes=2424213 eparts=1344
EVALUATIONS count=41630000000 sid=2421342 m=345 shapes=2424213 eparts=1344
EVALUATIONS count=41640000000 sid=808260 m=277 shapes=2424213 eparts=1344
SHAPES count=2430000 eparts=1345 scanned_to=407
EVALUATIONS count=41650000000 sid=2425292 m=95 shapes=2431053 eparts=1345
EVALUATIONS count=41660000000 sid=713825 m=81 shapes=2431063 eparts=1345
EVALUATIONS count=41670000000 sid=713827 m=149 shapes=2431063 eparts=1345
EVALUATIONS count=41680000000 sid=2628 m=201 shapes=2431063 eparts=1345
EVALUATIONS count=41690000000 sid=2424214 m=151 shapes=2431063 eparts=1345
EVALUATIONS count=41700000000 sid=811501 m=139 shapes=2431063 eparts=1345
EVALUATIONS count=41710000000 sid=713825 m=207 shapes=2431063 eparts=1345
EVALUATIONS count=41720000000 sid=811501 m=197 shapes=2431063 eparts=1345
EVALUATIONS count=41730000000 sid=2424213 m=241 shapes=2431063 eparts=1345
EVALUATIONS count=41740000000 sid=713825 m=289 shapes=2431063 eparts=1345
EVALUATIONS count=41750000000 sid=2424213 m=279 shapes=2431063 eparts=1345
EVALUATIONS count=41760000000 sid=203 m=403 shapes=2431063 eparts=1345
EVALUATIONS count=41770000000 sid=814895 m=149 shapes=2434693 eparts=1345
EVALUATIONS count=41780000000 sid=2398931 m=93 shapes=2434693 eparts=1345
EVALUATIONS count=41790000000 sid=2434085 m=219 shapes=2434693 eparts=1345
EVALUATIONS count=41800000000 sid=2431429 m=227 shapes=2434693 eparts=1345
EVALUATIONS count=41810000000 sid=474234 m=291 shapes=2434693 eparts=1345
EVALUATIONS count=41820000000 sid=817909 m=317 shapes=2434693 eparts=1345
EVALUATIONS count=41830000000 sid=637538 m=251 shapes=2434693 eparts=1345
EVALUATIONS count=41840000000 sid=637615 m=329 shapes=2434693 eparts=1345
EVALUATIONS count=41850000000 sid=2436090 m=123 shapes=2438280 eparts=1348
EVALUATIONS count=41860000000 sid=2435180 m=163 shapes=2438280 eparts=1348
EVALUATIONS count=41870000000 sid=2435463 m=195 shapes=2438280 eparts=1348
EVALUATIONS count=41880000000 sid=344318 m=221 shapes=2438280 eparts=1348
EVALUATIONS count=41890000000 sid=2434819 m=143 shapes=2438280 eparts=1348
EVALUATIONS count=41900000000 sid=2434859 m=247 shapes=2438280 eparts=1348
EVALUATIONS count=41910000000 sid=93247 m=303 shapes=2438280 eparts=1348
EVALUATIONS count=41920000000 sid=93071 m=329 shapes=2438280 eparts=1348
EVALUATIONS count=41930000000 sid=2437123 m=337 shapes=2438280 eparts=1348
EVALUATIONS count=41940000000 sid=320719 m=295 shapes=2438280 eparts=1348
SHAPES count=2440000 eparts=1350 scanned_to=407
EVALUATIONS count=41950000000 sid=667651 m=123 shapes=2442766 eparts=1350
EVALUATIONS count=41960000000 sid=357340 m=85 shapes=2442766 eparts=1350
EVALUATIONS count=41970000000 sid=1005009 m=129 shapes=2442766 eparts=1350
EVALUATIONS count=41980000000 sid=360254 m=189 shapes=2442766 eparts=1350
EVALUATIONS count=41990000000 sid=1003882 m=141 shapes=2442766 eparts=1350
EVALUATIONS count=42000000000 sid=2438401 m=189 shapes=2442766 eparts=1350
EVALUATIONS count=42010000000 sid=358827 m=243 shapes=2442766 eparts=1350
EVALUATIONS count=42020000000 sid=357503 m=283 shapes=2442766 eparts=1350
EVALUATIONS count=42030000000 sid=357910 m=277 shapes=2442766 eparts=1350
EVALUATIONS count=42040000000 sid=2439962 m=315 shapes=2442766 eparts=1350
EVALUATIONS count=42050000000 sid=1004040 m=353 shapes=2442766 eparts=1350
EVALUATIONS count=42060000000 sid=357340 m=299 shapes=2442766 eparts=1350
EVALUATIONS count=42070000000 sid=2438413 m=377 shapes=2442766 eparts=1350
EVALUATIONS count=42080000000 sid=2443840 m=133 shapes=2447068 eparts=1350
EVALUATIONS count=42090000000 sid=488870 m=157 shapes=2447068 eparts=1350
EVALUATIONS count=42100000000 sid=2438280 m=121 shapes=2447068 eparts=1350
EVALUATIONS count=42110000000 sid=109237 m=203 shapes=2447068 eparts=1350
EVALUATIONS count=42120000000 sid=366313 m=225 shapes=2447068 eparts=1350
EVALUATIONS count=42130000000 sid=111732 m=249 shapes=2447068 eparts=1350
EVALUATIONS count=42140000000 sid=296948 m=211 shapes=2447068 eparts=1350
EVALUATIONS count=42150000000 sid=2438291 m=263 shapes=2447068 eparts=1350
EVALUATIONS count=42160000000 sid=364472 m=317 shapes=2447068 eparts=1350
EVALUATIONS count=42170000000 sid=858031 m=339 shapes=2447068 eparts=1350
EVALUATIONS count=42180000000 sid=296946 m=295 shapes=2447068 eparts=1350
EVALUATIONS count=42190000000 sid=296989 m=377 shapes=2447068 eparts=1350
EVALUATIONS count=42200000000 sid=2446522 m=401 shapes=2447068 eparts=1350
SHAPES count=2450000 eparts=1351 scanned_to=407
EVALUATIONS count=42210000000 sid=1011637 m=59 shapes=2451636 eparts=1351
EVALUATIONS count=42220000000 sid=2447068 m=95 shapes=2451636 eparts=1351
EVALUATIONS count=42230000000 sid=2450877 m=185 shapes=2451636 eparts=1351
EVALUATIONS count=42240000000 sid=425911 m=101 shapes=2451636 eparts=1351
EVALUATIONS count=42250000000 sid=1013392 m=227 shapes=2451636 eparts=1351
EVALUATIONS count=42260000000 sid=2451484 m=251 shapes=2451636 eparts=1351
EVALUATIONS count=42270000000 sid=425911 m=193 shapes=2451636 eparts=1351
EVALUATIONS count=42280000000 sid=2447068 m=211 shapes=2451636 eparts=1351
EVALUATIONS count=42290000000 sid=2447068 m=223 shapes=2451636 eparts=1351
EVALUATIONS count=42300000000 sid=2258 m=337 shapes=2451636 eparts=1351
EVALUATIONS count=42310000000 sid=2448774 m=325 shapes=2451636 eparts=1351
EVALUATIONS count=42320000000 sid=1011878 m=381 shapes=2451636 eparts=1351
EVALUATIONS count=42330000000 sid=2447068 m=359 shapes=2451636 eparts=1351
EVALUATIONS count=42340000000 sid=1018440 m=137 shapes=2456182 eparts=1351
EVALUATIONS count=42350000000 sid=2453580 m=157 shapes=2456182 eparts=1351
SHAPES count=2460000 eparts=1355 scanned_to=407
EVALUATIONS count=42360000000 sid=1177589 m=127 shapes=2460660 eparts=1355
EVALUATIONS count=42370000000 sid=392946 m=133 shapes=2460660 eparts=1355
EVALUATIONS count=42380000000 sid=2456438 m=103 shapes=2460660 eparts=1355
EVALUATIONS count=42390000000 sid=2456574 m=181 shapes=2460660 eparts=1355
EVALUATIONS count=42400000000 sid=1177642 m=189 shapes=2460660 eparts=1355
EVALUATIONS count=42410000000 sid=2456555 m=215 shapes=2460660 eparts=1355
EVALUATIONS count=42420000000 sid=197 m=263 shapes=2460660 eparts=1355
EVALUATIONS count=42430000000 sid=2458931 m=287 shapes=2460660 eparts=1355
EVALUATIONS count=42440000000 sid=203 m=309 shapes=2460660 eparts=1355
EVALUATIONS count=42450000000 sid=1176184 m=287 shapes=2460660 eparts=1355
EVALUATIONS count=42460000000 sid=392933 m=269 shapes=2460660 eparts=1355
EVALUATIONS count=42470000000 sid=2456821 m=359 shapes=2460660 eparts=1355
EVALUATIONS count=42480000000 sid=393768 m=399 shapes=2460660 eparts=1355
EVALUATIONS count=42490000000 sid=556322 m=137 shapes=2464801 eparts=1355
EVALUATIONS count=42500000000 sid=2456332 m=135 shapes=2464801 eparts=1355
EVALUATIONS count=42510000000 sid=1176024 m=121 shapes=2464801 eparts=1355
EVALUATIONS count=42520000000 sid=1182458 m=219 shapes=2464801 eparts=1355
EVALUATIONS count=42530000000 sid=1182126 m=229 shapes=2464801 eparts=1355
EVALUATIONS count=42540000000 sid=6757 m=281 shapes=2464801 eparts=1355
EVALUATIONS count=42550000000 sid=2456321 m=195 shapes=2464801 eparts=1355
EVALUATIONS count=42560000000 sid=2460678 m=337 shapes=2464801 eparts=1355
EVALUATIONS count=42570000000 sid=1180902 m=367 shapes=2464801 eparts=1355
EVALUATIONS count=42580000000 sid=2456321 m=307 shapes=2464801 eparts=1355
SHAPES count=2470000 eparts=1358 scanned_to=407
EVALUATIONS count=42590000000 sid=2465687 m=87 shapes=2470726 eparts=1358
EVALUATIONS count=42600000000 sid=7509 m=149 shapes=2470726 eparts=1358
EVALUATIONS count=42610000000 sid=1183796 m=103 shapes=2470726 eparts=1358
EVALUATIONS count=42620000000 sid=1183797 m=125 shapes=2470726 eparts=1358
EVALUATIONS count=42630000000 sid=2465530 m=201 shapes=2470726 eparts=1358
EVALUATIONS count=42640000000 sid=198 m=219 shapes=2470726 eparts=1358
EVALUATIONS count=42650000000 sid=2467903 m=237 shapes=2470726 eparts=1358
EVALUATIONS count=42660000000 sid=1007231 m=255 shapes=2470726 eparts=1358
EVALUATIONS count=42670000000 sid=2465058 m=215 shapes=2470726 eparts=1358
EVALUATIONS count=42680000000 sid=1185572 m=291 shapes=2470726 eparts=1358
EVALUATIONS count=42690000000 sid=1177453 m=309 shapes=2470726 eparts=1358
EVALUATIONS count=42700000000 sid=2465799 m=319 shapes=2470726 eparts=1358
EVALUATIONS count=42710000000 sid=397981 m=261 shapes=2470726 eparts=1358
EVALUATIONS count=42720000000 sid=2465058 m=257 shapes=2470726 eparts=1358
EVALUATIONS count=42730000000 sid=1184278 m=379 shapes=2470726 eparts=1358
EVALUATIONS count=42740000000 sid=1183796 m=355 shapes=2470726 eparts=1358
EVALUATIONS count=42750000000 sid=1877930 m=129 shapes=2476351 eparts=1358
EVALUATIONS count=42760000000 sid=2472483 m=133 shapes=2476351 eparts=1358
EVALUATIONS count=42770000000 sid=1733520 m=173 shapes=2476351 eparts=1358
EVALUATIONS count=42780000000 sid=1183685 m=159 shapes=2476351 eparts=1358
EVALUATIONS count=42790000000 sid=2270322 m=217 shapes=2476351 eparts=1358
EVALUATIONS count=42800000000 sid=1183676 m=191 shapes=2476351 eparts=1358
EVALUATIONS count=42810000000 sid=1183676 m=195 shapes=2476351 eparts=1358
EVALUATIONS count=42820000000 sid=2472674 m=265 shapes=2476351 eparts=1358
EVALUATIONS count=42830000000 sid=2475474 m=305 shapes=2476351 eparts=1358
EVALUATIONS count=42840000000 sid=2472686 m=309 shapes=2476351 eparts=1358
EVALUATIONS count=42850000000 sid=2464932 m=285 shapes=2476351 eparts=1358
EVALUATIONS count=42860000000 sid=2471084 m=343 shapes=2476351 eparts=1358
EVALUATIONS count=42870000000 sid=1188812 m=395 shapes=2476351 eparts=1358
SHAPES count=2480000 eparts=1359 scanned_to=407
EVALUATIONS count=42880000000 sid=408489 m=127 shapes=2482131 eparts=1359
EVALUATIONS count=42890000000 sid=1193512 m=55 shapes=2482131 eparts=1359
EVALUATIONS count=42900000000 sid=1195422 m=149 shapes=2482131 eparts=1359
EVALUATIONS count=42910000000 sid=408613 m=161 shapes=2482131 eparts=1359
EVALUATIONS count=42920000000 sid=2479029 m=177 shapes=2482131 eparts=1359
EVALUATIONS count=42930000000 sid=2476351 m=147 shapes=2482131 eparts=1359
EVALUATIONS count=42940000000 sid=392812 m=133 shapes=2482131 eparts=1359
EVALUATIONS count=42950000000 sid=1195751 m=213 shapes=2482131 eparts=1359
EVALUATIONS count=42960000000 sid=1193512 m=185 shapes=2482131 eparts=1359
EVALUATIONS count=42970000000 sid=2476351 m=191 shapes=2482131 eparts=1359
EVALUATIONS count=42980000000 sid=410223 m=303 shapes=2482131 eparts=1359
EVALUATIONS count=42990000000 sid=2476351 m=215 shapes=2482131 eparts=1359
EVALUATIONS count=43000000000 sid=2148 m=337 shapes=2482131 eparts=1359
EVALUATIONS count=43010000000 sid=1193512 m=277 shapes=2482131 eparts=1359
EVALUATIONS count=43020000000 sid=2476351 m=273 shapes=2482131 eparts=1359
EVALUATIONS count=43030000000 sid=1863200 m=389 shapes=2482131 eparts=1359
EVALUATIONS count=43040000000 sid=2477884 m=407 shapes=2482131 eparts=1359
EVALUATIONS count=43050000000 sid=2265810 m=139 shapes=2487881 eparts=1359
EVALUATIONS count=43060000000 sid=2293142 m=161 shapes=2487881 eparts=1359
EVALUATIONS count=43070000000 sid=293912 m=183 shapes=2487881 eparts=1359
EVALUATIONS count=43080000000 sid=2483661 m=165 shapes=2487881 eparts=1359
EVALUATIONS count=43090000000 sid=1183553 m=115 shapes=2487881 eparts=1359
EVALUATIONS count=43100000000 sid=2483475 m=207 shapes=2487881 eparts=1359
EVALUATIONS count=43110000000 sid=1183553 m=187 shapes=2487881 eparts=1359
EVALUATIONS count=43120000000 sid=1183592 m=257 shapes=2487881 eparts=1359
EVALUATIONS count=43130000000 sid=632733 m=311 shapes=2487881 eparts=1359
EVALUATIONS count=43140000000 sid=2482983 m=279 shapes=2487881 eparts=1359
EVALUATIONS count=43150000000 sid=1733608 m=353 shapes=2487881 eparts=1359
EVALUATIONS count=43160000000 sid=1087401 m=375 shapes=2487881 eparts=1359
EVALUATIONS count=43170000000 sid=1183592 m=331 shapes=2487881 eparts=1359
SHAPES count=2490000 eparts=1361 scanned_to=407
EVALUATIONS count=43180000000 sid=425798 m=61 shapes=2494016 eparts=1361
EVALUATIONS count=43190000000 sid=1179415 m=145 shapes=2494016 eparts=1361
EVALUATIONS count=43200000000 sid=425819 m=157 shapes=2494016 eparts=1361
EVALUATIONS count=43210000000 sid=439527 m=169 shapes=2494016 eparts=1361
EVALUATIONS count=43220000000 sid=491780 m=197 shapes=2494016 eparts=1361
EVALUATIONS count=43230000000 sid=2488017 m=171 shapes=2494016 eparts=1361
EVALUATIONS count=43240000000 sid=1203514 m=175 shapes=2494016 eparts=1361
EVALUATIONS count=43250000000 sid=2490555 m=247 shapes=2494016 eparts=1361
EVALUATIONS count=43260000000 sid=425799 m=215 shapes=2494016 eparts=1361
EVALUATIONS count=43270000000 sid=2488014 m=169 shapes=2494016 eparts=1361
EVALUATIONS count=43280000000 sid=5221 m=297 shapes=2494016 eparts=1361
EVALUATIONS count=43290000000 sid=2490616 m=313 shapes=2494016 eparts=1361
EVALUATIONS count=43300000000 sid=2488014 m=251 shapes=2494016 eparts=1361
EVALUATIONS count=43310000000 sid=425799 m=289 shapes=2494016 eparts=1361
EVALUATIONS count=43320000000 sid=960424 m=363 shapes=2494016 eparts=1361
EVALUATIONS count=43330000000 sid=2488017 m=323 shapes=2494016 eparts=1361
EVALUATIONS count=43340000000 sid=2488014 m=329 shapes=2494016 eparts=1361
EVALUATIONS count=43350000000 sid=2487882 m=55 shapes=2499993 eparts=1361
EVALUATIONS count=43360000000 sid=2487881 m=49 shapes=2499993 eparts=1361
EVALUATIONS count=43370000000 sid=1203391 m=115 shapes=2499993 eparts=1361
EVALUATIONS count=43380000000 sid=1203396 m=171 shapes=2499993 eparts=1361
EVALUATIONS count=43390000000 sid=1203389 m=165 shapes=2499993 eparts=1361
EVALUATIONS count=43400000000 sid=2346056 m=229 shapes=2499993 eparts=1361
EVALUATIONS count=43410000000 sid=1203399 m=213 shapes=2499993 eparts=1361
EVALUATIONS count=43420000000 sid=1210230 m=269 shapes=2499993 eparts=1361
EVALUATIONS count=43430000000 sid=2494875 m=291 shapes=2499993 eparts=1361
EVALUATIONS count=43440000000 sid=2487882 m=235 shapes=2499993 eparts=1361
EVALUATIONS count=43450000000 sid=2494405 m=331 shapes=2499993 eparts=1361
EVALUATIONS count=43460000000 sid=2488001 m=295 shapes=2499993 eparts=1361
EVALUATIONS count=43470000000 sid=1203389 m=291 shapes=2499993 eparts=1361
EVALUATIONS count=43480000000 sid=1211707 m=355 shapes=2499993 eparts=1361
SHAPES count=2500000 eparts=1362 scanned_to=407
EVALUATIONS count=43490000000 sid=2504287 m=125 shapes=2506219 eparts=1362
EVALUATIONS count=43500000000 sid=2500717 m=141 shapes=2506219 eparts=1362
EVALUATIONS count=43510000000 sid=1207527 m=157 shapes=2506219 eparts=1362
EVALUATIONS count=43520000000 sid=1218127 m=173 shapes=2506219 eparts=1362
EVALUATIONS count=43530000000 sid=446483 m=175 shapes=2506219 eparts=1362
EVALUATIONS count=43540000000 sid=2503521 m=161 shapes=2506219 eparts=1362
EVALUATIONS count=43550000000 sid=492142 m=209 shapes=2506219 eparts=1362
EVALUATIONS count=43560000000 sid=209702 m=223 shapes=2506219 eparts=1362
EVALUATIONS count=43570000000 sid=1213742 m=181 shapes=2506219 eparts=1362
EVALUATIONS count=43580000000 sid=2499993 m=159 shapes=2506219 eparts=1362
EVALUATIONS count=43590000000 sid=2499993 m=167 shapes=2506219 eparts=1362
EVALUATIONS count=43600000000 sid=1213739 m=193 shapes=2506219 eparts=1362
EVALUATIONS count=43610000000 sid=1213739 m=193 shapes=2506219 eparts=1362
EVALUATIONS count=43620000000 sid=2500865 m=259 shapes=2506219 eparts=1362
EVALUATIONS count=43630000000 sid=2500889 m=311 shapes=2506219 eparts=1362
EVALUATIONS count=43640000000 sid=444448 m=323 shapes=2506219 eparts=1362
EVALUATIONS count=43650000000 sid=1744499 m=337 shapes=2506219 eparts=1362
EVALUATIONS count=43660000000 sid=1213739 m=291 shapes=2506219 eparts=1362
EVALUATIONS count=43670000000 sid=2503903 m=327 shapes=2506219 eparts=1362
EVALUATIONS count=43680000000 sid=1217907 m=365 shapes=2506219 eparts=1362
EVALUATIONS count=43690000000 sid=1215643 m=353 shapes=2506219 eparts=1362
EVALUATIONS count=43700000000 sid=1213739 m=307 shapes=2506219 eparts=1362
SHAPES count=2510000 eparts=1362 scanned_to=407
EVALUATIONS count=43710000000 sid=491488 m=129 shapes=2512440 eparts=1362
EVALUATIONS count=43720000000 sid=1212270 m=149 shapes=2512440 eparts=1362
EVALUATIONS count=43730000000 sid=2456184 m=89 shapes=2512440 eparts=1362
EVALUATIONS count=43740000000 sid=198 m=201 shapes=2512440 eparts=1362
EVALUATIONS count=43750000000 sid=2506762 m=197 shapes=2512440 eparts=1362
EVALUATIONS count=43760000000 sid=1348331 m=271 shapes=2512440 eparts=1362
EVALUATIONS count=43770000000 sid=2456184 m=193 shapes=2512440 eparts=1362
EVALUATIONS count=43780000000 sid=607416 m=341 shapes=2512440 eparts=1362
EVALUATIONS count=43790000000 sid=2456184 m=287 shapes=2512440 eparts=1362
EVALUATIONS count=43800000000 sid=1224662 m=27 shapes=2517242 eparts=1366
EVALUATIONS count=43810000000 sid=1224662 m=71 shapes=2517242 eparts=1366
EVALUATIONS count=43820000000 sid=1224663 m=125 shapes=2517242 eparts=1366
EVALUATIONS count=43830000000 sid=1224662 m=125 shapes=2517242 eparts=1366
EVALUATIONS count=43840000000 sid=1224662 m=115 shapes=2517242 eparts=1366
EVALUATIONS count=43850000000 sid=2512844 m=193 shapes=2517242 eparts=1366
EVALUATIONS count=43860000000 sid=2512844 m=213 shapes=2517242 eparts=1366
EVALUATIONS count=43870000000 sid=2514604 m=317 shapes=2517242 eparts=1366
EVALUATIONS count=43880000000 sid=541056 m=345 shapes=2517242 eparts=1366
EVALUATIONS count=43890000000 sid=1224662 m=303 shapes=2517242 eparts=1366
EVALUATIONS count=43900000000 sid=2512844 m=281 shapes=2517242 eparts=1366
SHAPES count=2520000 eparts=1366 scanned_to=407
EVALUATIONS count=43910000000 sid=2512714 m=37 shapes=2523242 eparts=1366
EVALUATIONS count=43920000000 sid=1922919 m=149 shapes=2523242 eparts=1366
EVALUATIONS count=43930000000 sid=917535 m=165 shapes=2523242 eparts=1366
EVALUATIONS count=43940000000 sid=411527 m=137 shapes=2523242 eparts=1366
EVALUATIONS count=43950000000 sid=411761 m=163 shapes=2523242 eparts=1366
EVALUATIONS count=43960000000 sid=2512723 m=177 shapes=2523242 eparts=1366
EVALUATIONS count=43970000000 sid=410932 m=231 shapes=2523242 eparts=1366
EVALUATIONS count=43980000000 sid=411731 m=235 shapes=2523242 eparts=1366
EVALUATIONS count=43990000000 sid=411251 m=265 shapes=2523242 eparts=1366
EVALUATIONS count=44000000000 sid=2577 m=281 shapes=2523242 eparts=1366
EVALUATIONS count=44010000000 sid=474643 m=297 shapes=2523242 eparts=1366
EVALUATIONS count=44020000000 sid=2512714 m=217 shapes=2523242 eparts=1366
EVALUATIONS count=44030000000 sid=1918543 m=329 shapes=2523242 eparts=1366
EVALUATIONS count=44040000000 sid=2523145 m=347 shapes=2523242 eparts=1366
EVALUATIONS count=44050000000 sid=1229143 m=363 shapes=2523242 eparts=1366
EVALUATIONS count=44060000000 sid=2468410 m=379 shapes=2523242 eparts=1366
EVALUATIONS count=44070000000 sid=1224540 m=341 shapes=2523242 eparts=1366
SHAPES count=2530000 eparts=1367 scanned_to=407
EVALUATIONS count=44080000000 sid=1236015 m=125 shapes=2534059 eparts=1367
EVALUATIONS count=44090000000 sid=2523330 m=79 shapes=2534059 eparts=1367
EVALUATIONS count=44100000000 sid=474641 m=163 shapes=2534059 eparts=1367
EVALUATIONS count=44110000000 sid=1240720 m=183 shapes=2534059 eparts=1367
EVALUATIONS count=44120000000 sid=2528521 m=191 shapes=2534059 eparts=1367
EVALUATIONS count=44130000000 sid=1233628 m=125 shapes=2534059 eparts=1367
EVALUATIONS count=44140000000 sid=2518869 m=245 shapes=2534059 eparts=1367
EVALUATIONS count=44150000000 sid=1233628 m=169 shapes=2534059 eparts=1367
EVALUATIONS count=44160000000 sid=2523242 m=173 shapes=2534059 eparts=1367
EVALUATIONS count=44170000000 sid=2524977 m=263 shapes=2534059 eparts=1367
EVALUATIONS count=44180000000 sid=2525478 m=289 shapes=2534059 eparts=1367
EVALUATIONS count=44190000000 sid=2527058 m=343 shapes=2534059 eparts=1367
EVALUATIONS count=44200000000 sid=885859 m=363 shapes=2534059 eparts=1367
EVALUATIONS count=44210000000 sid=2523245 m=323 shapes=2534059 eparts=1367
EVALUATIONS count=44220000000 sid=1233628 m=317 shapes=2534059 eparts=1367
SHAPES count=2540000 eparts=1367 scanned_to=407
EVALUATIONS count=44230000000 sid=2512581 m=31 shapes=2540300 eparts=1367
EVALUATIONS count=44240000000 sid=5182 m=155 shapes=2540300 eparts=1367
EVALUATIONS count=44250000000 sid=1243059 m=175 shapes=2540300 eparts=1367
EVALUATIONS count=44260000000 sid=2537178 m=157 shapes=2540300 eparts=1367
EVALUATIONS count=44270000000 sid=2540220 m=213 shapes=2540300 eparts=1367
EVALUATIONS count=44280000000 sid=2512582 m=155 shapes=2540300 eparts=1367
EVALUATIONS count=44290000000 sid=2535456 m=253 shapes=2540300 eparts=1367
EVALUATIONS count=44300000000 sid=1224415 m=173 shapes=2540300 eparts=1367
EVALUATIONS count=44310000000 sid=1245088 m=289 shapes=2540300 eparts=1367
EVALUATIONS count=44320000000 sid=2536430 m=311 shapes=2540300 eparts=1367
EVALUATIONS count=44330000000 sid=2534981 m=299 shapes=2540300 eparts=1367
EVALUATIONS count=44340000000 sid=2512583 m=275 shapes=2540300 eparts=1367
EVALUATIONS count=44350000000 sid=197 m=371 shapes=2540300 eparts=1367
EVALUATIONS count=44360000000 sid=2534568 m=365 shapes=2540300 eparts=1367
EVALUATIONS count=44370000000 sid=1249794 m=97 shapes=2546852 eparts=1368
EVALUATIONS count=44380000000 sid=2545098 m=127 shapes=2546852 eparts=1368
EVALUATIONS count=44390000000 sid=2540300 m=89 shapes=2546852 eparts=1368
EVALUATIONS count=44400000000 sid=605212 m=169 shapes=2546852 eparts=1368
EVALUATIONS count=44410000000 sid=2540300 m=107 shapes=2546852 eparts=1368
EVALUATIONS count=44420000000 sid=2226561 m=199 shapes=2546852 eparts=1368
EVALUATIONS count=44430000000 sid=1251413 m=215 shapes=2546852 eparts=1368
EVALUATIONS count=44440000000 sid=1412724 m=229 shapes=2546852 eparts=1368
EVALUATIONS count=44450000000 sid=2541294 m=213 shapes=2546852 eparts=1368
EVALUATIONS count=44460000000 sid=1248073 m=221 shapes=2546852 eparts=1368
EVALUATIONS count=44470000000 sid=452112 m=221 shapes=2546852 eparts=1368
EVALUATIONS count=44480000000 sid=443085 m=291 shapes=2546852 eparts=1368
EVALUATIONS count=44490000000 sid=149995 m=305 shapes=2546852 eparts=1368
EVALUATIONS count=44500000000 sid=197 m=321 shapes=2546852 eparts=1368
EVALUATIONS count=44510000000 sid=934140 m=337 shapes=2546852 eparts=1368
EVALUATIONS count=44520000000 sid=452112 m=239 shapes=2546852 eparts=1368
EVALUATIONS count=44530000000 sid=2543769 m=355 shapes=2546852 eparts=1368
EVALUATIONS count=44540000000 sid=1248065 m=303 shapes=2546852 eparts=1368
EVALUATIONS count=44550000000 sid=1252252 m=387 shapes=2546852 eparts=1368
SHAPES count=2550000 eparts=1369 scanned_to=407
EVALUATIONS count=44560000000 sid=2546895 m=99 shapes=2553664 eparts=1369
EVALUATIONS count=44570000000 sid=1242086 m=143 shapes=2553664 eparts=1369
EVALUATIONS count=44580000000 sid=2546852 m=67 shapes=2553664 eparts=1369
EVALUATIONS count=44590000000 sid=1257852 m=173 shapes=2553664 eparts=1369
EVALUATIONS count=44600000000 sid=2552828 m=199 shapes=2553664 eparts=1369
EVALUATIONS count=44610000000 sid=1253588 m=125 shapes=2553664 eparts=1369
EVALUATIONS count=44620000000 sid=2551764 m=235 shapes=2553664 eparts=1369
EVALUATIONS count=44630000000 sid=1253588 m=141 shapes=2553664 eparts=1369
EVALUATIONS count=44640000000 sid=1167999 m=273 shapes=2553664 eparts=1369
EVALUATIONS count=44650000000 sid=1253588 m=233 shapes=2553664 eparts=1369
EVALUATIONS count=44660000000 sid=2546858 m=267 shapes=2553664 eparts=1369
EVALUATIONS count=44670000000 sid=1257964 m=327 shapes=2553664 eparts=1369
EVALUATIONS count=44680000000 sid=2546852 m=249 shapes=2553664 eparts=1369
EVALUATIONS count=44690000000 sid=1256621 m=329 shapes=2553664 eparts=1369
EVALUATIONS count=44700000000 sid=2629 m=383 shapes=2553664 eparts=1369
EVALUATIONS count=44710000000 sid=1256476 m=401 shapes=2553664 eparts=1369
SHAPES count=2560000 eparts=1369 scanned_to=407
EVALUATIONS count=44720000000 sid=155841 m=131 shapes=2560372 eparts=1369
EVALUATIONS count=44730000000 sid=1224284 m=45 shapes=2560372 eparts=1369
EVALUATIONS count=44740000000 sid=1224290 m=111 shapes=2560372 eparts=1369
EVALUATIONS count=44750000000 sid=1260090 m=153 shapes=2560372 eparts=1369
EVALUATIONS count=44760000000 sid=2256 m=203 shapes=2560372 eparts=1369
EVALUATIONS count=44770000000 sid=1262141 m=221 shapes=2560372 eparts=1369
EVALUATIONS count=44780000000 sid=2512440 m=157 shapes=2560372 eparts=1369
EVALUATIONS count=44790000000 sid=1224286 m=181 shapes=2560372 eparts=1369
EVALUATIONS count=44800000000 sid=1224284 m=167 shapes=2560372 eparts=1369
EVALUATIONS count=44810000000 sid=2512448 m=243 shapes=2560372 eparts=1369
EVALUATIONS count=44820000000 sid=2224357 m=311 shapes=2560372 eparts=1369
EVALUATIONS count=44830000000 sid=1261368 m=327 shapes=2560372 eparts=1369
EVALUATIONS count=44840000000 sid=1259251 m=349 shapes=2560372 eparts=1369
EVALUATIONS count=44850000000 sid=1224286 m=313 shapes=2560372 eparts=1369
EVALUATIONS count=44860000000 sid=2512440 m=285 shapes=2560372 eparts=1369
EVALUATIONS count=44870000000 sid=1011777 m=403 shapes=2560372 eparts=1369
EVALUATIONS count=44880000000 sid=2560512 m=33 shapes=2566832 eparts=1371
EVALUATIONS count=44890000000 sid=1264906 m=53 shapes=2566832 eparts=1371
EVALUATIONS count=44900000000 sid=2560512 m=53 shapes=2566832 eparts=1371
EVALUATIONS count=44910000000 sid=2564540 m=159 shapes=2566832 eparts=1371
EVALUATIONS count=44920000000 sid=2562083 m=157 shapes=2566832 eparts=1371
EVALUATIONS count=44930000000 sid=2560512 m=105 shapes=2566832 eparts=1371
EVALUATIONS count=44940000000 sid=2560512 m=179 shapes=2566832 eparts=1371
EVALUATIONS count=44950000000 sid=2566016 m=243 shapes=2566832 eparts=1371
EVALUATIONS count=44960000000 sid=1264906 m=181 shapes=2566832 eparts=1371
EVALUATIONS count=44970000000 sid=1650714 m=275 shapes=2566832 eparts=1371
EVALUATIONS count=44980000000 sid=2560513 m=233 shapes=2566832 eparts=1371
EVALUATIONS count=44990000000 sid=1266841 m=305 shapes=2566832 eparts=1371
EVALUATIONS count=45000000000 sid=2560512 m=239 shapes=2566832 eparts=1371
EVALUATIONS count=45010000000 sid=2564239 m=337 shapes=2566832 eparts=1371
EVALUATIONS count=45020000000 sid=197 m=353 shapes=2566832 eparts=1371
EVALUATIONS count=45030000000 sid=2560514 m=321 shapes=2566832 eparts=1371
EVALUATIONS count=45040000000 sid=279053 m=281 shapes=2566832 eparts=1371
EVALUATIONS count=45050000000 sid=2562069 m=383 shapes=2566832 eparts=1371
SHAPES count=2570000 eparts=1371 scanned_to=407
EVALUATIONS count=45060000000 sid=2568435 m=97 shapes=2573624 eparts=1371
EVALUATIONS count=45070000000 sid=2568752 m=137 shapes=2573624 eparts=1371
EVALUATIONS count=45080000000 sid=1272728 m=123 shapes=2573624 eparts=1371
EVALUATIONS count=45090000000 sid=1270335 m=129 shapes=2573624 eparts=1371
EVALUATIONS count=45100000000 sid=2560377 m=141 shapes=2573624 eparts=1371
EVALUATIONS count=45110000000 sid=198 m=217 shapes=2573624 eparts=1371
EVALUATIONS count=45120000000 sid=2048474 m=247 shapes=2573624 eparts=1371
EVALUATIONS count=45130000000 sid=491862 m=279 shapes=2573624 eparts=1371
EVALUATIONS count=45140000000 sid=2560372 m=207 shapes=2573624 eparts=1371
EVALUATIONS count=45150000000 sid=2560372 m=267 shapes=2573624 eparts=1371
EVALUATIONS count=45160000000 sid=2560372 m=279 shapes=2573624 eparts=1371
EVALUATIONS count=45170000000 sid=2567320 m=405 shapes=2573624 eparts=1371
SHAPES count=2580000 eparts=1373 scanned_to=407
EVALUATIONS count=45180000000 sid=1239244 m=137 shapes=2580340 eparts=1373
EVALUATIONS count=45190000000 sid=2573768 m=67 shapes=2580340 eparts=1373
EVALUATIONS count=45200000000 sid=1279861 m=171 shapes=2580340 eparts=1373
EVALUATIONS count=45210000000 sid=2578152 m=195 shapes=2580340 eparts=1373
EVALUATIONS count=45220000000 sid=2578208 m=209 shapes=2580340 eparts=1373
EVALUATIONS count=45230000000 sid=2254 m=231 shapes=2580340 eparts=1373
EVALUATIONS count=45240000000 sid=541730 m=251 shapes=2580340 eparts=1373
EVALUATIONS count=45250000000 sid=1276041 m=157 shapes=2580340 eparts=1373
EVALUATIONS count=45260000000 sid=1280389 m=289 shapes=2580340 eparts=1373
EVALUATIONS count=45270000000 sid=631465 m=307 shapes=2580340 eparts=1373
EVALUATIONS count=45280000000 sid=1276636 m=287 shapes=2580340 eparts=1373
EVALUATIONS count=45290000000 sid=2576791 m=347 shapes=2580340 eparts=1373
EVALUATIONS count=45300000000 sid=2574315 m=315 shapes=2580340 eparts=1373
EVALUATIONS count=45310000000 sid=2576456 m=365 shapes=2580340 eparts=1373
EVALUATIONS count=45320000000 sid=2573768 m=305 shapes=2580340 eparts=1373
EVALUATIONS count=45330000000 sid=2573634 m=95 shapes=2587452 eparts=1373
SHAPES count=2590000 eparts=1373 scanned_to=407
SHAPES count=2600000 eparts=1373 scanned_to=407
EVALUATIONS count=45340000000 sid=465249 m=31 shapes=2601183 eparts=1373
EVALUATIONS count=45350000000 sid=2601486 m=29 shapes=2604044 eparts=1377
EVALUATIONS count=45360000000 sid=2601906 m=187 shapes=2604044 eparts=1377
EVALUATIONS count=45370000000 sid=2601486 m=201 shapes=2604044 eparts=1377
EVALUATIONS count=45380000000 sid=2601486 m=303 shapes=2604044 eparts=1377
EVALUATIONS count=45390000000 sid=2604972 m=181 shapes=2606805 eparts=1377
EVALUATIONS count=45400000000 sid=2604905 m=253 shapes=2606805 eparts=1377
EVALUATIONS count=45410000000 sid=2605388 m=349 shapes=2606805 eparts=1377
SHAPES count=2610000 eparts=1381 scanned_to=407
EVALUATIONS count=45420000000 sid=198 m=151 shapes=2610230 eparts=1381
EVALUATIONS count=45430000000 sid=2117802 m=227 shapes=2610230 eparts=1381
EVALUATIONS count=45440000000 sid=752828 m=301 shapes=2610230 eparts=1381
EVALUATIONS count=45450000000 sid=2607154 m=323 shapes=2610230 eparts=1381
EVALUATIONS count=45460000000 sid=2607041 m=99 shapes=2613203 eparts=1381
EVALUATIONS count=45470000000 sid=2612124 m=217 shapes=2613203 eparts=1381
EVALUATIONS count=45480000000 sid=2607042 m=275 shapes=2613203 eparts=1381
EVALUATIONS count=45490000000 sid=2607040 m=293 shapes=2613203 eparts=1381
EVALUATIONS count=45500000000 sid=2616300 m=163 shapes=2616301 eparts=1382
EVALUATIONS count=45510000000 sid=2613743 m=205 shapes=2616301 eparts=1382
EVALUATIONS count=45520000000 sid=2614956 m=319 shapes=2616301 eparts=1382
EVALUATIONS count=45530000000 sid=1493077 m=393 shapes=2616301 eparts=1382
EVALUATIONS count=45540000000 sid=197 m=179 shapes=2619293 eparts=1382
EVALUATIONS count=45550000000 sid=2618706 m=241 shapes=2619293 eparts=1382
EVALUATIONS count=45560000000 sid=2607019 m=325 shapes=2619293 eparts=1382
EVALUATIONS count=45570000000 sid=5699 m=397 shapes=2619293 eparts=1382
SHAPES count=2620000 eparts=1384 scanned_to=407
EVALUATIONS count=45580000000 sid=2619412 m=109 shapes=2623007 eparts=1384
EVALUATIONS count=45590000000 sid=2619412 m=171 shapes=2623007 eparts=1384
EVALUATIONS count=45600000000 sid=7852 m=311 shapes=2623007 eparts=1384
EVALUATIONS count=45610000000 sid=2620597 m=377 shapes=2623007 eparts=1384
EVALUATIONS count=45620000000 sid=2625926 m=155 shapes=2626491 eparts=1384
EVALUATIONS count=45630000000 sid=2619293 m=115 shapes=2626491 eparts=1384
EVALUATIONS count=45640000000 sid=2623919 m=249 shapes=2626491 eparts=1384
EVALUATIONS count=45650000000 sid=2623122 m=313 shapes=2626491 eparts=1384
SHAPES count=2630000 eparts=1385 scanned_to=407
EVALUATIONS count=45660000000 sid=2626491 m=49 shapes=2630128 eparts=1385
EVALUATIONS count=45670000000 sid=2626491 m=103 shapes=2630128 eparts=1385
EVALUATIONS count=45680000000 sid=2626491 m=151 shapes=2630128 eparts=1385
EVALUATIONS count=45690000000 sid=197 m=329 shapes=2630128 eparts=1385
EVALUATIONS count=45700000000 sid=2626842 m=345 shapes=2630128 eparts=1385
EVALUATIONS count=45710000000 sid=2630741 m=125 shapes=2633661 eparts=1385
EVALUATIONS count=45720000000 sid=2606805 m=155 shapes=2633661 eparts=1385
EVALUATIONS count=45730000000 sid=2606810 m=243 shapes=2633661 eparts=1385
EVALUATIONS count=45740000000 sid=2150255 m=365 shapes=2633661 eparts=1385
EVALUATIONS count=45750000000 sid=2633915 m=59 shapes=2637073 eparts=1390
EVALUATIONS count=45760000000 sid=2633915 m=129 shapes=2637073 eparts=1390
EVALUATIONS count=45770000000 sid=1311310 m=289 shapes=2637073 eparts=1390
EVALUATIONS count=45780000000 sid=1418023 m=361 shapes=2637073 eparts=1390
SHAPES count=2640000 eparts=1390 scanned_to=407
EVALUATIONS count=45790000000 sid=2638939 m=129 shapes=2640753 eparts=1390
EVALUATIONS count=45800000000 sid=2639822 m=203 shapes=2640753 eparts=1390
EVALUATIONS count=45810000000 sid=2633792 m=229 shapes=2640753 eparts=1390
EVALUATIONS count=45820000000 sid=484427 m=329 shapes=2640753 eparts=1390
EVALUATIONS count=45830000000 sid=5481 m=391 shapes=2640753 eparts=1390
EVALUATIONS count=45840000000 sid=2643329 m=145 shapes=2647880 eparts=1391
EVALUATIONS count=45850000000 sid=2642758 m=221 shapes=2647880 eparts=1391
EVALUATIONS count=45860000000 sid=2640753 m=173 shapes=2647880 eparts=1391
EVALUATIONS count=45870000000 sid=2640753 m=253 shapes=2647880 eparts=1391
EVALUATIONS count=45880000000 sid=2645756 m=399 shapes=2647880 eparts=1391
SHAPES count=2650000 eparts=1391 scanned_to=407
EVALUATIONS count=45890000000 sid=197 m=171 shapes=2651686 eparts=1391
EVALUATIONS count=45900000000 sid=2633667 m=165 shapes=2651686 eparts=1391
EVALUATIONS count=45910000000 sid=2127452 m=291 shapes=2651686 eparts=1391
EVALUATIONS count=45920000000 sid=2633665 m=273 shapes=2651686 eparts=1391
EVALUATIONS count=45930000000 sid=2633661 m=11 shapes=2653659 eparts=1394
SHAPES count=2660000 eparts=1394 scanned_to=407
EVALUATIONS count=45940000000 sid=2652993 m=137 shapes=2662831 eparts=1394
EVALUATIONS count=45950000000 sid=2652427 m=189 shapes=2662831 eparts=1394
EVALUATIONS count=45960000000 sid=2652564 m=235 shapes=2662831 eparts=1394
EVALUATIONS count=45970000000 sid=2651815 m=247 shapes=2662831 eparts=1394
EVALUATIONS count=45980000000 sid=2663114 m=99 shapes=2664410 eparts=1394
EVALUATIONS count=45990000000 sid=2651687 m=143 shapes=2669901 eparts=1394
EVALUATIONS count=46000000000 sid=2151075 m=233 shapes=2669901 eparts=1394
EVALUATIONS count=46010000000 sid=2651686 m=197 shapes=2669901 eparts=1394
EVALUATIONS count=46020000000 sid=2651692 m=289 shapes=2669901 eparts=1394
EVALUATIONS count=46030000000 sid=2651686 m=315 shapes=2669901 eparts=1394
SHAPES count=2670000 eparts=1395 scanned_to=407
EVALUATIONS count=46040000000 sid=2673335 m=179 shapes=2673887 eparts=1395
EVALUATIONS count=46050000000 sid=2605061 m=237 shapes=2673887 eparts=1395
EVALUATIONS count=46060000000 sid=2669904 m=237 shapes=2673887 eparts=1395
EVALUATIONS count=46070000000 sid=2669901 m=235 shapes=2673887 eparts=1395
SHAPES count=2680000 eparts=1400 scanned_to=407
EVALUATIONS count=46080000000 sid=2674144 m=81 shapes=2680641 eparts=1400
EVALUATIONS count=46090000000 sid=2674137 m=67 shapes=2682113 eparts=1400
EVALUATIONS count=46100000000 sid=197 m=223 shapes=2682113 eparts=1400
EVALUATIONS count=46110000000 sid=2674510 m=217 shapes=2682113 eparts=1400
EVALUATIONS count=46120000000 sid=2181055 m=323 shapes=2682113 eparts=1400
EVALUATIONS count=46130000000 sid=1006879 m=375 shapes=2682113 eparts=1400
EVALUATIONS count=46140000000 sid=2605882 m=137 shapes=2689977 eparts=1400
EVALUATIONS count=46150000000 sid=2674016 m=77 shapes=2689977 eparts=1400
EVALUATIONS count=46160000000 sid=2674016 m=135 shapes=2689977 eparts=1400
EVALUATIONS count=46170000000 sid=2674016 m=181 shapes=2689977 eparts=1400
EVALUATIONS count=46180000000 sid=2674016 m=255 shapes=2689977 eparts=1400
EVALUATIONS count=46190000000 sid=2674016 m=323 shapes=2689977 eparts=1400
EPARTS count=1400 shapes=2689977 scanned_to=407
SHAPES count=2690000 eparts=1401 scanned_to=407
EVALUATIONS count=46200000000 sid=2693649 m=141 shapes=2694674 eparts=1401
EVALUATIONS count=46210000000 sid=2689977 m=81 shapes=2694674 eparts=1401
EVALUATIONS count=46220000000 sid=2691621 m=221 shapes=2694674 eparts=1401
EVALUATIONS count=46230000000 sid=7852 m=295 shapes=2694674 eparts=1401
EVALUATIONS count=46240000000 sid=2689977 m=233 shapes=2694674 eparts=1401
EVALUATIONS count=46250000000 sid=2689978 m=321 shapes=2694674 eparts=1401
EVALUATIONS count=46260000000 sid=2697874 m=131 shapes=2699260 eparts=1401
EVALUATIONS count=46270000000 sid=2673898 m=161 shapes=2699260 eparts=1401
EVALUATIONS count=46280000000 sid=2673888 m=189 shapes=2699260 eparts=1401
EVALUATIONS count=46290000000 sid=488806 m=295 shapes=2699260 eparts=1401
EVALUATIONS count=46300000000 sid=2673889 m=257 shapes=2699260 eparts=1401
EVALUATIONS count=46310000000 sid=1753034 m=391 shapes=2699260 eparts=1401
SHAPES count=2700000 eparts=1408 scanned_to=407
EVALUATIONS count=46320000000 sid=884499 m=145 shapes=2709941 eparts=1408
EVALUATIONS count=46330000000 sid=2702780 m=157 shapes=2709941 eparts=1408
EVALUATIONS count=46340000000 sid=225 m=221 shapes=2709941 eparts=1408
EVALUATIONS count=46350000000 sid=2699712 m=205 shapes=2709941 eparts=1408
EVALUATIONS count=46360000000 sid=1880268 m=299 shapes=2709941 eparts=1408
EVALUATIONS count=46370000000 sid=2678 m=337 shapes=2709941 eparts=1408
EVALUATIONS count=46380000000 sid=2699672 m=323 shapes=2709941 eparts=1408
SHAPES count=2710000 eparts=1408 scanned_to=407
SHAPES count=2720000 eparts=1408 scanned_to=407
EVALUATIONS count=46390000000 sid=2715020 m=125 shapes=2720111 eparts=1408
EVALUATIONS count=46400000000 sid=2713961 m=163 shapes=2720122 eparts=1408
EVALUATIONS count=46410000000 sid=2699541 m=115 shapes=2720122 eparts=1408
EVALUATIONS count=46420000000 sid=2699540 m=181 shapes=2720122 eparts=1408
EVALUATIONS count=46430000000 sid=2699540 m=215 shapes=2720122 eparts=1408
EVALUATIONS count=46440000000 sid=2710668 m=271 shapes=2720122 eparts=1408
EVALUATIONS count=46450000000 sid=2699540 m=249 shapes=2720122 eparts=1408
EVALUATIONS count=46460000000 sid=2699540 m=309 shapes=2720122 eparts=1408
SHAPES count=2730000 eparts=1410 scanned_to=407
EVALUATIONS count=46470000000 sid=2724128 m=103 shapes=2730571 eparts=1410
EVALUATIONS count=46480000000 sid=2720136 m=147 shapes=2730571 eparts=1410
EVALUATIONS count=46490000000 sid=2720122 m=99 shapes=2730571 eparts=1410
EVALUATIONS count=46500000000 sid=2720122 m=151 shapes=2730571 eparts=1410
EVALUATIONS count=46510000000 sid=2720123 m=211 shapes=2730571 eparts=1410
EVALUATIONS count=46520000000 sid=2722410 m=295 shapes=2730571 eparts=1410
EVALUATIONS count=46530000000 sid=2720124 m=293 shapes=2730571 eparts=1410
EVALUATIONS count=46540000000 sid=2727219 m=399 shapes=2730571 eparts=1410
SHAPES count=2740000 eparts=1412 scanned_to=407
EVALUATIONS count=46550000000 sid=2732889 m=117 shapes=2741104 eparts=1412
EVALUATIONS count=46560000000 sid=2730582 m=145 shapes=2741104 eparts=1412
EVALUATIONS count=46570000000 sid=2730571 m=119 shapes=2741104 eparts=1412
EVALUATIONS count=46580000000 sid=1737117 m=257 shapes=2741104 eparts=1412
EVALUATIONS count=46590000000 sid=2730573 m=227 shapes=2741104 eparts=1412
EVALUATIONS count=46600000000 sid=2730572 m=265 shapes=2741104 eparts=1412
EVALUATIONS count=46610000000 sid=492145 m=365 shapes=2741104 eparts=1412
EVALUATIONS count=46620000000 sid=2730598 m=349 shapes=2741104 eparts=1412
SHAPES count=2750000 eparts=1412 scanned_to=407
EVALUATIONS count=46630000000 sid=2743936 m=147 shapes=2751506 eparts=1412
EVALUATIONS count=46640000000 sid=2748910 m=177 shapes=2751506 eparts=1412
EVALUATIONS count=46650000000 sid=2741175 m=209 shapes=2751506 eparts=1412
EVALUATIONS count=46660000000 sid=2741725 m=215 shapes=2751506 eparts=1412
EVALUATIONS count=46670000000 sid=2746215 m=295 shapes=2751506 eparts=1412
EVALUATIONS count=46680000000 sid=2699484 m=301 shapes=2751506 eparts=1412
EVALUATIONS count=46690000000 sid=2699408 m=301 shapes=2751506 eparts=1412
EVALUATIONS count=46700000000 sid=2733329 m=403 shapes=2751506 eparts=1412
SHAPES count=2760000 eparts=1416 scanned_to=407
EVALUATIONS count=46710000000 sid=1312174 m=149 shapes=2762666 eparts=1416
EVALUATIONS count=46720000000 sid=2751643 m=105 shapes=2762666 eparts=1416
EVALUATIONS count=46730000000 sid=2755839 m=179 shapes=2762666 eparts=1416
EVALUATIONS count=46740000000 sid=2752393 m=229 shapes=2762666 eparts=1416
EVALUATIONS count=46750000000 sid=2751643 m=185 shapes=2762666 eparts=1416
EVALUATIONS count=46760000000 sid=2751643 m=213 shapes=2762666 eparts=1416
EVALUATIONS count=46770000000 sid=2751643 m=255 shapes=2762666 eparts=1416
EVALUATIONS count=46780000000 sid=2271671 m=391 shapes=2762666 eparts=1416
SHAPES count=2770000 eparts=1416 scanned_to=407
EVALUATIONS count=46790000000 sid=2763046 m=99 shapes=2773631 eparts=1416
EVALUATIONS count=46800000000 sid=2751506 m=69 shapes=2773631 eparts=1416
EVALUATIONS count=46810000000 sid=2751506 m=129 shapes=2773631 eparts=1416
EVALUATIONS count=46820000000 sid=2767639 m=217 shapes=2773631 eparts=1416
EVALUATIONS count=46830000000 sid=1346427 m=271 shapes=2773631 eparts=1416
EVALUATIONS count=46840000000 sid=2751506 m=189 shapes=2773631 eparts=1416
EVALUATIONS count=46850000000 sid=2751508 m=291 shapes=2773631 eparts=1416
EVALUATIONS count=46860000000 sid=2769754 m=373 shapes=2773631 eparts=1416
EVALUATIONS count=46870000000 sid=2751506 m=331 shapes=2773631 eparts=1416
SHAPES count=2780000 eparts=1419 scanned_to=407
EVALUATIONS count=46880000000 sid=2773777 m=97 shapes=2785230 eparts=1419
EVALUATIONS count=46890000000 sid=5335 m=183 shapes=2785230 eparts=1419
EVALUATIONS count=46900000000 sid=2774284 m=187 shapes=2785230 eparts=1419
EVALUATIONS count=46910000000 sid=2779798 m=239 shapes=2785230 eparts=1419
EVALUATIONS count=46920000000 sid=2773773 m=211 shapes=2785230 eparts=1419
EVALUATIONS count=46930000000 sid=2775506 m=285 shapes=2785230 eparts=1419
EVALUATIONS count=46940000000 sid=2775943 m=323 shapes=2785230 eparts=1419
EVALUATIONS count=46950000000 sid=203 m=379 shapes=2785230 eparts=1419
SHAPES count=2790000 eparts=1419 scanned_to=407
EVALUATIONS count=46960000000 sid=2788504 m=111 shapes=2791925 eparts=1419
EVALUATIONS count=46970000000 sid=2773631 m=45 shapes=2791925 eparts=1419
EVALUATIONS count=46980000000 sid=2773631 m=93 shapes=2791925 eparts=1419
EVALUATIONS count=46990000000 sid=2773631 m=147 shapes=2791925 eparts=1419
EVALUATIONS count=47000000000 sid=2773631 m=147 shapes=2791925 eparts=1419
EVALUATIONS count=47010000000 sid=2785954 m=283 shapes=2791925 eparts=1419
EVALUATIONS count=47020000000 sid=2773631 m=197 shapes=2791925 eparts=1419
EVALUATIONS count=47030000000 sid=2773631 m=233 shapes=2791925 eparts=1419
EVALUATIONS count=47040000000 sid=2785458 m=339 shapes=2791925 eparts=1419
SHAPES count=2800000 eparts=1422 scanned_to=407
EVALUATIONS count=47050000000 sid=2797778 m=123 shapes=2802983 eparts=1422
EVALUATIONS count=47060000000 sid=2792066 m=67 shapes=2803717 eparts=1422
EVALUATIONS count=47070000000 sid=2792144 m=139 shapes=2803717 eparts=1422
EVALUATIONS count=47080000000 sid=2253 m=215 shapes=2803717 eparts=1422
EVALUATIONS count=47090000000 sid=2800374 m=247 shapes=2803717 eparts=1422
EVALUATIONS count=47100000000 sid=2654591 m=279 shapes=2803717 eparts=1422
EVALUATIONS count=47110000000 sid=2792065 m=209 shapes=2803717 eparts=1422
EVALUATIONS count=47120000000 sid=412731 m=341 shapes=2803717 eparts=1422
EVALUATIONS count=47130000000 sid=2794130 m=373 shapes=2803717 eparts=1422
EVALUATIONS count=47140000000 sid=2684333 m=405 shapes=2803717 eparts=1422
SHAPES count=2810000 eparts=1422 scanned_to=407
EVALUATIONS count=47150000000 sid=2806008 m=129 shapes=2815246 eparts=1422
EVALUATIONS count=47160000000 sid=2791925 m=93 shapes=2815246 eparts=1422
EVALUATIONS count=47170000000 sid=403848 m=209 shapes=2815246 eparts=1422
EVALUATIONS count=47180000000 sid=2803906 m=241 shapes=2815246 eparts=1422
EVALUATIONS count=47190000000 sid=2808169 m=251 shapes=2815246 eparts=1422
EVALUATIONS count=47200000000 sid=197 m=301 shapes=2815246 eparts=1422
EVALUATIONS count=47210000000 sid=2810340 m=333 shapes=2815246 eparts=1422
EVALUATIONS count=47220000000 sid=2791925 m=265 shapes=2815246 eparts=1422
EVALUATIONS count=47230000000 sid=2791926 m=293 shapes=2815246 eparts=1422
SHAPES count=2820000 eparts=1423 scanned_to=407
EVALUATIONS count=47240000000 sid=2820081 m=125 shapes=2822239 eparts=1423
EVALUATIONS count=47250000000 sid=2815246 m=59 shapes=2822239 eparts=1423
EVALUATIONS count=47260000000 sid=2820035 m=187 shapes=2822239 eparts=1423
EVALUATIONS count=47270000000 sid=2815248 m=149 shapes=2822239 eparts=1423
EVALUATIONS count=47280000000 sid=2819734 m=235 shapes=2822239 eparts=1423
EVALUATIONS count=47290000000 sid=490889 m=293 shapes=2822239 eparts=1423
EVALUATIONS count=47300000000 sid=2815804 m=273 shapes=2822239 eparts=1423
EVALUATIONS count=47310000000 sid=2815246 m=245 shapes=2822239 eparts=1423
EVALUATIONS count=47320000000 sid=2820470 m=379 shapes=2822239 eparts=1423
SHAPES count=2830000 eparts=1424 scanned_to=407
EVALUATIONS count=47330000000 sid=2828677 m=125 shapes=2833203 eparts=1424
EVALUATIONS count=47340000000 sid=2770748 m=153 shapes=2833203 eparts=1424
EVALUATIONS count=47350000000 sid=2823666 m=151 shapes=2833203 eparts=1424
EVALUATIONS count=47360000000 sid=1346423 m=213 shapes=2833203 eparts=1424
EVALUATIONS count=47370000000 sid=2682216 m=245 shapes=2833203 eparts=1424
EVALUATIONS count=47380000000 sid=2828695 m=259 shapes=2833203 eparts=1424
EVALUATIONS count=47390000000 sid=2826487 m=293 shapes=2833203 eparts=1424
EVALUATIONS count=47400000000 sid=2822239 m=251 shapes=2833203 eparts=1424
EVALUATIONS count=47410000000 sid=2822239 m=259 shapes=2833203 eparts=1424
EVALUATIONS count=47420000000 sid=2823324 m=361 shapes=2833203 eparts=1424
SHAPES count=2840000 eparts=1424 scanned_to=407
EVALUATIONS count=47430000000 sid=2699265 m=67 shapes=2840085 eparts=1424
EVALUATIONS count=47440000000 sid=2835780 m=169 shapes=2840085 eparts=1424
EVALUATIONS count=47450000000 sid=2837409 m=195 shapes=2840085 eparts=1424
EVALUATIONS count=47460000000 sid=2699260 m=145 shapes=2840085 eparts=1424
EVALUATIONS count=47470000000 sid=2699263 m=167 shapes=2840085 eparts=1424
EVALUATIONS count=47480000000 sid=2699358 m=247 shapes=2840085 eparts=1424
EVALUATIONS count=47490000000 sid=2835285 m=305 shapes=2840085 eparts=1424
EVALUATIONS count=47500000000 sid=2839463 m=349 shapes=2840085 eparts=1424
EVALUATIONS count=47510000000 sid=2699261 m=327 shapes=2840085 eparts=1424
EVALUATIONS count=47520000000 sid=2840365 m=61 shapes=2846650 eparts=1427
EVALUATIONS count=47530000000 sid=2840362 m=125 shapes=2846650 eparts=1427
EVALUATIONS count=47540000000 sid=2841252 m=193 shapes=2846650 eparts=1427
EVALUATIONS count=47550000000 sid=2521 m=231 shapes=2846650 eparts=1427
EVALUATIONS count=47560000000 sid=2840364 m=219 shapes=2846650 eparts=1427
EVALUATIONS count=47570000000 sid=2840362 m=211 shapes=2846650 eparts=1427
EVALUATIONS count=47580000000 sid=2843139 m=339 shapes=2846650 eparts=1427
EVALUATIONS count=47590000000 sid=2846109 m=375 shapes=2846650 eparts=1427
SHAPES count=2850000 eparts=1427 scanned_to=407
EVALUATIONS count=47600000000 sid=2847153 m=111 shapes=2852847 eparts=1427
EVALUATIONS count=47610000000 sid=2850144 m=123 shapes=2852847 eparts=1427
EVALUATIONS count=47620000000 sid=2850251 m=183 shapes=2852847 eparts=1427
EVALUATIONS count=47630000000 sid=2840226 m=137 shapes=2852847 eparts=1427
EVALUATIONS count=47640000000 sid=607377 m=267 shapes=2852847 eparts=1427
EVALUATIONS count=47650000000 sid=2840228 m=233 shapes=2852847 eparts=1427
EVALUATIONS count=47660000000 sid=2840226 m=255 shapes=2852847 eparts=1427
EVALUATIONS count=47670000000 sid=2847535 m=373 shapes=2852847 eparts=1427
EVALUATIONS count=47680000000 sid=2852857 m=81 shapes=2859297 eparts=1428
EVALUATIONS count=47690000000 sid=2852847 m=103 shapes=2859297 eparts=1428
EVALUATIONS count=47700000000 sid=2852847 m=127 shapes=2859297 eparts=1428
EVALUATIONS count=47710000000 sid=2856579 m=205 shapes=2859297 eparts=1428
EVALUATIONS count=47720000000 sid=2855094 m=261 shapes=2859297 eparts=1428
EVALUATIONS count=47730000000 sid=2852847 m=211 shapes=2859297 eparts=1428
EVALUATIONS count=47740000000 sid=2858438 m=331 shapes=2859297 eparts=1428
EVALUATIONS count=47750000000 sid=2852847 m=273 shapes=2859297 eparts=1428
EVALUATIONS count=47760000000 sid=2541 m=401 shapes=2859297 eparts=1428
SHAPES count=2860000 eparts=1429 scanned_to=407
EVALUATIONS count=47770000000 sid=151165 m=147 shapes=2865830 eparts=1429
EVALUATIONS count=47780000000 sid=2698593 m=181 shapes=2865830 eparts=1429
EVALUATIONS count=47790000000 sid=2859299 m=167 shapes=2865830 eparts=1429
EVALUATIONS count=47800000000 sid=2859297 m=159 shapes=2865830 eparts=1429
EVALUATIONS count=47810000000 sid=2862074 m=249 shapes=2865830 eparts=1429
EVALUATIONS count=47820000000 sid=2860627 m=273 shapes=2865830 eparts=1429
EVALUATIONS count=47830000000 sid=2859357 m=283 shapes=2865830 eparts=1429
EVALUATIONS count=47840000000 sid=2859304 m=333 shapes=2865830 eparts=1429
SHAPES count=2870000 eparts=1429 scanned_to=407
EVALUATIONS count=47850000000 sid=2750838 m=133 shapes=2872231 eparts=1429
EVALUATIONS count=47860000000 sid=2861637 m=167 shapes=2872231 eparts=1429
EVALUATIONS count=47870000000 sid=2867939 m=201 shapes=2872231 eparts=1429
EVALUATIONS count=47880000000 sid=2866002 m=205 shapes=2872231 eparts=1429
EVALUATIONS count=47890000000 sid=2869909 m=247 shapes=2872231 eparts=1429
EVALUATIONS count=47900000000 sid=2867110 m=283 shapes=2872231 eparts=1429
EVALUATIONS count=47910000000 sid=2867600 m=335 shapes=2872231 eparts=1429
EVALUATIONS count=47920000000 sid=2840085 m=281 shapes=2872231 eparts=1429
EVALUATIONS count=47930000000 sid=607761 m=403 shapes=2872231 eparts=1429
EVALUATIONS count=47940000000 sid=2872387 m=117 shapes=2879307 eparts=1431
EVALUATIONS count=47950000000 sid=457915 m=179 shapes=2879307 eparts=1431
EVALUATIONS count=47960000000 sid=2874230 m=197 shapes=2879307 eparts=1431
EVALUATIONS count=47970000000 sid=2873085 m=191 shapes=2879307 eparts=1431
EVALUATIONS count=47980000000 sid=2873223 m=277 shapes=2879307 eparts=1431
EVALUATIONS count=47990000000 sid=2872373 m=191 shapes=2879307 eparts=1431
EVALUATIONS count=48000000000 sid=2244471 m=341 shapes=2879307 eparts=1431
EVALUATIONS count=48010000000 sid=2872373 m=307 shapes=2879307 eparts=1431
EVALUATIONS count=48020000000 sid=2872972 m=381 shapes=2879307 eparts=1431
SHAPES count=2880000 eparts=1431 scanned_to=407
EVALUATIONS count=48030000000 sid=2881064 m=151 shapes=2886171 eparts=1431
EVALUATIONS count=48040000000 sid=2390107 m=181 shapes=2886171 eparts=1431
EVALUATIONS count=48050000000 sid=2872231 m=101 shapes=2886171 eparts=1431
EVALUATIONS count=48060000000 sid=2881500 m=231 shapes=2886171 eparts=1431
EVALUATIONS count=48070000000 sid=2880280 m=233 shapes=2886171 eparts=1431
EVALUATIONS count=48080000000 sid=2872231 m=213 shapes=2886171 eparts=1431
EVALUATIONS count=48090000000 sid=2880943 m=323 shapes=2886171 eparts=1431
EVALUATIONS count=48100000000 sid=2388960 m=373 shapes=2886171 eparts=1431
EVALUATIONS count=48110000000 sid=2872239 m=353 shapes=2886171 eparts=1431
SHAPES count=2890000 eparts=1433 scanned_to=407
EVALUATIONS count=48120000000 sid=2776528 m=147 shapes=2893641 eparts=1433
EVALUATIONS count=48130000000 sid=2886317 m=149 shapes=2893641 eparts=1433
EVALUATIONS count=48140000000 sid=2886317 m=129 shapes=2893641 eparts=1433
EVALUATIONS count=48150000000 sid=2888124 m=203 shapes=2893641 eparts=1433
EVALUATIONS count=48160000000 sid=2553 m=267 shapes=2893641 eparts=1433
EVALUATIONS count=48170000000 sid=2886691 m=231 shapes=2893641 eparts=1433
EVALUATIONS count=48180000000 sid=2889106 m=325 shapes=2893641 eparts=1433
EVALUATIONS count=48190000000 sid=2886317 m=261 shapes=2893641 eparts=1433
EVALUATIONS count=48200000000 sid=2250 m=387 shapes=2893641 eparts=1433
SHAPES count=2900000 eparts=1433 scanned_to=407
EVALUATIONS count=48210000000 sid=2775708 m=131 shapes=2900879 eparts=1433
EVALUATIONS count=48220000000 sid=2899312 m=159 shapes=2900879 eparts=1433
EVALUATIONS count=48230000000 sid=2894227 m=143 shapes=2900879 eparts=1433
EVALUATIONS count=48240000000 sid=2886171 m=131 shapes=2900879 eparts=1433
EVALUATIONS count=48250000000 sid=5246 m=249 shapes=2900879 eparts=1433
EVALUATIONS count=48260000000 sid=2894776 m=279 shapes=2900879 eparts=1433
EVALUATIONS count=48270000000 sid=2897772 m=277 shapes=2900879 eparts=1433
EVALUATIONS count=48280000000 sid=2897791 m=307 shapes=2900879 eparts=1433
EVALUATIONS count=48290000000 sid=1261178 m=369 shapes=2900879 eparts=1433
EVALUATIONS count=48300000000 sid=198 m=397 shapes=2900879 eparts=1433
EVALUATIONS count=48310000000 sid=2901027 m=41 shapes=2908522 eparts=1435
EVALUATIONS count=48320000000 sid=492131 m=167 shapes=2908522 eparts=1435
EVALUATIONS count=48330000000 sid=2901431 m=131 shapes=2908522 eparts=1435
EVALUATIONS count=48340000000 sid=2894 m=227 shapes=2908522 eparts=1435
EVALUATIONS count=48350000000 sid=2902191 m=207 shapes=2908522 eparts=1435
EVALUATIONS count=48360000000 sid=2901027 m=201 shapes=2908522 eparts=1435
EVALUATIONS count=48370000000 sid=2901027 m=197 shapes=2908522 eparts=1435
EVALUATIONS count=48380000000 sid=5237 m=343 shapes=2908522 eparts=1435
EVALUATIONS count=48390000000 sid=197 m=373 shapes=2908522 eparts=1435
EVALUATIONS count=48400000000 sid=2905717 m=365 shapes=2908522 eparts=1435
SHAPES count=2910000 eparts=1435 scanned_to=407
EVALUATIONS count=48410000000 sid=2900879 m=27 shapes=2915894 eparts=1435
EVALUATIONS count=48420000000 sid=2914883 m=165 shapes=2915894 eparts=1435
EVALUATIONS count=48430000000 sid=2900879 m=115 shapes=2915894 eparts=1435
EVALUATIONS count=48440000000 sid=2900881 m=143 shapes=2915894 eparts=1435
EVALUATIONS count=48450000000 sid=2551590 m=257 shapes=2915894 eparts=1435
EVALUATIONS count=48460000000 sid=2912531 m=287 shapes=2915894 eparts=1435
EVALUATIONS count=48470000000 sid=2246747 m=315 shapes=2915894 eparts=1435
EVALUATIONS count=48480000000 sid=2910152 m=319 shapes=2915894 eparts=1435
EVALUATIONS count=48490000000 sid=441011 m=373 shapes=2915894 eparts=1435
EVALUATIONS count=48500000000 sid=2900879 m=291 shapes=2915894 eparts=1435
SHAPES count=2920000 eparts=1436 scanned_to=407
EVALUATIONS count=48510000000 sid=2916005 m=115 shapes=2923473 eparts=1436
EVALUATIONS count=48520000000 sid=2918016 m=115 shapes=2923473 eparts=1436
EVALUATIONS count=48530000000 sid=2915897 m=135 shapes=2923473 eparts=1436
EVALUATIONS count=48540000000 sid=2918002 m=211 shapes=2923473 eparts=1436
EVALUATIONS count=48550000000 sid=2916168 m=255 shapes=2923473 eparts=1436
EVALUATIONS count=48560000000 sid=2921475 m=277 shapes=2923473 eparts=1436
EVALUATIONS count=48570000000 sid=2915899 m=247 shapes=2923473 eparts=1436
EVALUATIONS count=48580000000 sid=2922937 m=341 shapes=2923473 eparts=1436
EVALUATIONS count=48590000000 sid=2915894 m=271 shapes=2923473 eparts=1436
EVALUATIONS count=48600000000 sid=2915894 m=295 shapes=2923473 eparts=1436
SHAPES count=2930000 eparts=1437 scanned_to=407
EVALUATIONS count=48610000000 sid=2926248 m=109 shapes=2931097 eparts=1437
EVALUATIONS count=48620000000 sid=2923473 m=61 shapes=2931097 eparts=1437
EVALUATIONS count=48630000000 sid=2923473 m=111 shapes=2931097 eparts=1437
EVALUATIONS count=48640000000 sid=2923474 m=135 shapes=2931097 eparts=1437
EVALUATIONS count=48650000000 sid=2923483 m=197 shapes=2931097 eparts=1437
EVALUATIONS count=48660000000 sid=2928789 m=267 shapes=2931097 eparts=1437
EVALUATIONS count=48670000000 sid=2388500 m=307 shapes=2931097 eparts=1437
EVALUATIONS count=48680000000 sid=2924662 m=305 shapes=2931097 eparts=1437
EVALUATIONS count=48690000000 sid=2927853 m=365 shapes=2931097 eparts=1437
EVALUATIONS count=48700000000 sid=2923473 m=303 shapes=2931097 eparts=1437
EVALUATIONS count=48710000000 sid=2932468 m=107 shapes=2938573 eparts=1437
EVALUATIONS count=48720000000 sid=2601196 m=85 shapes=2938573 eparts=1437
EVALUATIONS count=48730000000 sid=607780 m=187 shapes=2938573 eparts=1437
EVALUATIONS count=48740000000 sid=2937879 m=209 shapes=2938573 eparts=1437
EVALUATIONS count=48750000000 sid=492119 m=243 shapes=2938573 eparts=1437
EVALUATIONS count=48760000000 sid=2601215 m=243 shapes=2938573 eparts=1437
EVALUATIONS count=48770000000 sid=2601199 m=231 shapes=2938573 eparts=1437
EVALUATIONS count=48780000000 sid=2698530 m=327 shapes=2938573 eparts=1437
EVALUATIONS count=48790000000 sid=2936976 m=355 shapes=2938573 eparts=1437
EVALUATIONS count=48800000000 sid=2936836 m=385 shapes=2938573 eparts=1437
SHAPES count=2940000 eparts=1443 scanned_to=407
EVALUATIONS count=48810000000 sid=2939084 m=39 shapes=2943621 eparts=1443
EVALUATIONS count=48820000000 sid=1737844 m=181 shapes=2943621 eparts=1443
EVALUATIONS count=48830000000 sid=2939084 m=147 shapes=2943621 eparts=1443
EVALUATIONS count=48840000000 sid=2939090 m=263 shapes=2943621 eparts=1443
EVALUATIONS count=48850000000 sid=2941081 m=329 shapes=2943621 eparts=1443
EVALUATIONS count=48860000000 sid=2939084 m=313 shapes=2943621 eparts=1443
EVALUATIONS count=48870000000 sid=2939040 m=75 shapes=2949538 eparts=1443
EVALUATIONS count=48880000000 sid=2945152 m=173 shapes=2949538 eparts=1443
EVALUATIONS count=48890000000 sid=2702238 m=209 shapes=2949538 eparts=1443
EVALUATIONS count=48900000000 sid=2944443 m=201 shapes=2949538 eparts=1443
EVALUATIONS count=48910000000 sid=2938952 m=187 shapes=2949538 eparts=1443
EVALUATIONS count=48920000000 sid=2938952 m=225 shapes=2949538 eparts=1443
EVALUATIONS count=48930000000 sid=2944108 m=345 shapes=2949538 eparts=1443
EVALUATIONS count=48940000000 sid=2938952 m=321 shapes=2949538 eparts=1443
SHAPES count=2950000 eparts=1443 scanned_to=407
SHAPES count=2960000 eparts=1443 scanned_to=407
EVALUATIONS count=48950000000 sid=2953413 m=139 shapes=2960038 eparts=1443
EVALUATIONS count=48960000000 sid=2938818 m=91 shapes=2960038 eparts=1443
EVALUATIONS count=48970000000 sid=2950246 m=159 shapes=2960038 eparts=1443
EVALUATIONS count=48980000000 sid=2952998 m=217 shapes=2960038 eparts=1443
EVALUATIONS count=48990000000 sid=2938830 m=253 shapes=2960038 eparts=1443
EVALUATIONS count=49000000000 sid=2938938 m=263 shapes=2960038 eparts=1443
EVALUATIONS count=49010000000 sid=2950840 m=315 shapes=2960038 eparts=1443
EVALUATIONS count=49020000000 sid=2938821 m=331 shapes=2960038 eparts=1443
EVALUATIONS count=49030000000 sid=2960038 m=65 shapes=2966719 eparts=1444
EVALUATIONS count=49040000000 sid=2639797 m=177 shapes=2966719 eparts=1444
EVALUATIONS count=49050000000 sid=2960042 m=149 shapes=2966719 eparts=1444
EVALUATIONS count=49060000000 sid=5282 m=243 shapes=2966719 eparts=1444
EVALUATIONS count=49070000000 sid=2962679 m=275 shapes=2966719 eparts=1444
EVALUATIONS count=49080000000 sid=2960039 m=247 shapes=2966719 eparts=1444
EVALUATIONS count=49090000000 sid=2960699 m=331 shapes=2966719 eparts=1444
EVALUATIONS count=49100000000 sid=2960038 m=279 shapes=2966719 eparts=1444
SHAPES count=2970000 eparts=1444 scanned_to=407
EVALUATIONS count=49110000000 sid=606056 m=121 shapes=2970027 eparts=1444
EVALUATIONS count=49120000000 sid=2938676 m=45 shapes=2973327 eparts=1444
EVALUATIONS count=49130000000 sid=1894446 m=185 shapes=2973327 eparts=1444
EVALUATIONS count=49140000000 sid=2938683 m=163 shapes=2973327 eparts=1444
EVALUATIONS count=49150000000 sid=197 m=249 shapes=2973327 eparts=1444
EVALUATIONS count=49160000000 sid=2967228 m=271 shapes=2973327 eparts=1444
EVALUATIONS count=49170000000 sid=2951240 m=315 shapes=2973327 eparts=1444
EVALUATIONS count=49180000000 sid=2535 m=347 shapes=2973327 eparts=1444
EVALUATIONS count=49190000000 sid=2938677 m=293 shapes=2973327 eparts=1444
SHAPES count=2980000 eparts=1447 scanned_to=407
EVALUATIONS count=49200000000 sid=2973468 m=21 shapes=2984742 eparts=1447
EVALUATIONS count=49210000000 sid=2973468 m=47 shapes=2984841 eparts=1447
EVALUATIONS count=49220000000 sid=2979131 m=187 shapes=2984841 eparts=1447
EVALUATIONS count=49230000000 sid=2974054 m=205 shapes=2984841 eparts=1447
EVALUATIONS count=49240000000 sid=2973468 m=149 shapes=2984841 eparts=1447
EVALUATIONS count=49250000000 sid=1945 m=295 shapes=2984841 eparts=1447
EVALUATIONS count=49260000000 sid=2974079 m=297 shapes=2984841 eparts=1447
EVALUATIONS count=49270000000 sid=2973468 m=291 shapes=2984841 eparts=1447
EVALUATIONS count=49280000000 sid=2973468 m=317 shapes=2984841 eparts=1447
SHAPES count=2990000 eparts=1447 scanned_to=407
SHAPES count=3000000 eparts=1448 scanned_to=407
EVALUATIONS count=49290000000 sid=462725 m=125 shapes=3003516 eparts=1448
EVALUATIONS count=49300000000 sid=199 m=139 shapes=3003516 eparts=1448
SHAPES count=3010000 eparts=1454 scanned_to=407
EVALUATIONS count=49310000000 sid=3004194 m=19 shapes=3017306 eparts=1454
EVALUATIONS count=49320000000 sid=3006112 m=133 shapes=3017306 eparts=1454
EVALUATIONS count=49330000000 sid=3005663 m=141 shapes=3017306 eparts=1454
EVALUATIONS count=49340000000 sid=3005846 m=219 shapes=3017306 eparts=1454
EVALUATIONS count=49350000000 sid=3017003 m=249 shapes=3017306 eparts=1454
EVALUATIONS count=49360000000 sid=2962257 m=281 shapes=3017306 eparts=1454
EVALUATIONS count=49370000000 sid=2186852 m=311 shapes=3017306 eparts=1454
EVALUATIONS count=49380000000 sid=3004058 m=285 shapes=3017306 eparts=1454
EVALUATIONS count=49390000000 sid=1346217 m=373 shapes=3017306 eparts=1454
EVALUATIONS count=49400000000 sid=3010115 m=403 shapes=3017306 eparts=1454
SHAPES count=3020000 eparts=1454 scanned_to=407
SHAPES count=3030000 eparts=1454 scanned_to=407
EVALUATIONS count=49410000000 sid=3024522 m=133 shapes=3031753 eparts=1454
EVALUATIONS count=49420000000 sid=1284277 m=163 shapes=3031753 eparts=1454
SHAPES count=3040000 eparts=1454 scanned_to=407
EVALUATIONS count=49430000000 sid=3003734 m=93 shapes=3046650 eparts=1454
EVALUATIONS count=49440000000 sid=5202 m=197 shapes=3046650 eparts=1454
SHAPES count=3050000 eparts=1458 scanned_to=407
EVALUATIONS count=49450000000 sid=2259 m=153 shapes=3053361 eparts=1458
EVALUATIONS count=49460000000 sid=2279109 m=187 shapes=3053361 eparts=1458
EVALUATIONS count=49470000000 sid=3047090 m=127 shapes=3053361 eparts=1458
EVALUATIONS count=49480000000 sid=3047134 m=193 shapes=3053361 eparts=1458
EVALUATIONS count=49490000000 sid=3047090 m=231 shapes=3053361 eparts=1458
EVALUATIONS count=49500000000 sid=3016315 m=329 shapes=3053361 eparts=1458
EVALUATIONS count=49510000000 sid=3050909 m=363 shapes=3053361 eparts=1458
EVALUATIONS count=49520000000 sid=3051656 m=399 shapes=3053361 eparts=1458
EVALUATIONS count=49530000000 sid=3046952 m=83 shapes=3059499 eparts=1458
EVALUATIONS count=49540000000 sid=1913697 m=181 shapes=3059499 eparts=1458
EVALUATIONS count=49550000000 sid=2486906 m=215 shapes=3059499 eparts=1458
EVALUATIONS count=49560000000 sid=3047013 m=185 shapes=3059499 eparts=1458
EVALUATIONS count=49570000000 sid=3054388 m=255 shapes=3059499 eparts=1458
EVALUATIONS count=49580000000 sid=3056411 m=319 shapes=3059499 eparts=1458
EVALUATIONS count=49590000000 sid=3053510 m=353 shapes=3059499 eparts=1458
EVALUATIONS count=49600000000 sid=1916295 m=389 shapes=3059499 eparts=1458
SHAPES count=3060000 eparts=1459 scanned_to=407
EVALUATIONS count=49610000000 sid=3064721 m=133 shapes=3066722 eparts=1459
EVALUATIONS count=49620000000 sid=3059499 m=53 shapes=3066722 eparts=1459
EVALUATIONS count=49630000000 sid=3063068 m=193 shapes=3066722 eparts=1459
EVALUATIONS count=49640000000 sid=1278174 m=223 shapes=3066722 eparts=1459
EVALUATIONS count=49650000000 sid=3059499 m=155 shapes=3066722 eparts=1459
EVALUATIONS count=49660000000 sid=2654802 m=281 shapes=3066722 eparts=1459
EVALUATIONS count=49670000000 sid=3059499 m=253 shapes=3066722 eparts=1459
EVALUATIONS count=49680000000 sid=1955589 m=341 shapes=3066722 eparts=1459
EVALUATIONS count=49690000000 sid=197 m=371 shapes=3066722 eparts=1459
EVALUATIONS count=49700000000 sid=1346307 m=401 shapes=3066722 eparts=1459
SHAPES count=3070000 eparts=1459 scanned_to=407
EVALUATIONS count=49710000000 sid=1278816 m=143 shapes=3073823 eparts=1459
EVALUATIONS count=49720000000 sid=3046808 m=95 shapes=3073823 eparts=1459
EVALUATIONS count=49730000000 sid=1657309 m=201 shapes=3073823 eparts=1459
EVALUATIONS count=49740000000 sid=3067667 m=205 shapes=3073823 eparts=1459
EVALUATIONS count=49750000000 sid=607855 m=259 shapes=3073823 eparts=1459
EVALUATIONS count=49760000000 sid=3046807 m=221 shapes=3073823 eparts=1459
EVALUATIONS count=49770000000 sid=3067360 m=271 shapes=3073823 eparts=1459
EVALUATIONS count=49780000000 sid=3046815 m=299 shapes=3073823 eparts=1459
EVALUATIONS count=49790000000 sid=3068691 m=353 shapes=3073823 eparts=1459
EVALUATIONS count=49800000000 sid=3046805 m=301 shapes=3073823 eparts=1459
SHAPES count=3080000 eparts=1461 scanned_to=407
SHAPES count=3090000 eparts=1461 scanned_to=407
EVALUATIONS count=49810000000 sid=3003568 m=129 shapes=3095883 eparts=1461
EVALUATIONS count=49820000000 sid=299 m=143 shapes=3095883 eparts=1461
EVALUATIONS count=49830000000 sid=2973327 m=55 shapes=3095883 eparts=1461
EVALUATIONS count=49840000000 sid=936572 m=171 shapes=3095883 eparts=1461
EVALUATIONS count=49850000000 sid=1275907 m=115 shapes=3095883 eparts=1461
EVALUATIONS count=49860000000 sid=1275906 m=99 shapes=3095883 eparts=1461
EVALUATIONS count=49870000000 sid=491778 m=215 shapes=3095883 eparts=1461
EVALUATIONS count=49880000000 sid=1282865 m=231 shapes=3095883 eparts=1461
EVALUATIONS count=49890000000 sid=3073824 m=141 shapes=3095883 eparts=1461
EVALUATIONS count=49900000000 sid=1240599 m=263 shapes=3095883 eparts=1461
EVALUATIONS count=49910000000 sid=3081878 m=235 shapes=3095883 eparts=1461
EVALUATIONS count=49920000000 sid=1275906 m=191 shapes=3095883 eparts=1461
EVALUATIONS count=49930000000 sid=3084848 m=311 shapes=3095883 eparts=1461
EVALUATIONS count=49940000000 sid=1275906 m=233 shapes=3095883 eparts=1461
EVALUATIONS count=49950000000 sid=3092208 m=343 shapes=3095883 eparts=1461
EVALUATIONS count=49960000000 sid=1275906 m=269 shapes=3095883 eparts=1461
EVALUATIONS count=49970000000 sid=1275906 m=259 shapes=3095883 eparts=1461
EVALUATIONS count=49980000000 sid=3081604 m=391 shapes=3095883 eparts=1461
SHAPES count=3100000 eparts=1461 scanned_to=407
EVALUATIONS count=49990000000 sid=202847 m=121 shapes=3102302 eparts=1461
SHAPES count=3110000 eparts=1461 scanned_to=407
EVALUATIONS count=50000000000 sid=3046654 m=81 shapes=3110689 eparts=1461
EVALUATIONS count=50010000000 sid=3099557 m=111 shapes=3110689 eparts=1461
EVALUATIONS count=50020000000 sid=2393139 m=191 shapes=3110689 eparts=1461
EVALUATIONS count=50030000000 sid=3046650 m=157 shapes=3110689 eparts=1461
SHAPES count=3120000 eparts=1463 scanned_to=407
EVALUATIONS count=50040000000 sid=1312286 m=133 shapes=3126189 eparts=1463
EVALUATIONS count=50050000000 sid=3110689 m=77 shapes=3126189 eparts=1463
EVALUATIONS count=50060000000 sid=1752863 m=171 shapes=3126189 eparts=1463
SHAPES count=3130000 eparts=1465 scanned_to=407
SHAPES count=3140000 eparts=1465 scanned_to=407
EVALUATIONS count=50070000000 sid=3130414 m=87 shapes=3140719 eparts=1465
SHAPES count=3150000 eparts=1465 scanned_to=407
EVALUATIONS count=50080000000 sid=1 m=71 shapes=3157209 eparts=1465
EVALUATIONS count=50090000000 sid=3116258 m=177 shapes=3157209 eparts=1465
EVALUATIONS count=50100000000 sid=3117981 m=227 shapes=3157209 eparts=1465
EVALUATIONS count=50110000000 sid=3143414 m=303 shapes=3157209 eparts=1465
EVALUATIONS count=50120000000 sid=3144995 m=313 shapes=3157209 eparts=1465
EVALUATIONS count=50130000000 sid=2774550 m=353 shapes=3157209 eparts=1465
EVALUATIONS count=50140000000 sid=491162 m=409 shapes=3157209 eparts=1465
EVALUATIONS count=50150000000 sid=246148 m=409 shapes=3157209 eparts=1465
EVALUATIONS count=50160000000 sid=304264 m=351 shapes=3157209 eparts=1465
EVALUATIONS count=50170000000 sid=1551160 m=383 shapes=3157209 eparts=1465
EVALUATIONS count=50180000000 sid=564044 m=409 shapes=3157209 eparts=1465
EVALUATIONS count=50190000000 sid=1965691 m=409 shapes=3157209 eparts=1465
EVALUATIONS count=50200000000 sid=1918119 m=313 shapes=3157209 eparts=1465
EVALUATIONS count=50210000000 sid=2112174 m=299 shapes=3157209 eparts=1465
EVALUATIONS count=50220000000 sid=1556921 m=315 shapes=3157209 eparts=1465
EVALUATIONS count=50230000000 sid=1094351 m=409 shapes=3157209 eparts=1465
EVALUATIONS count=50240000000 sid=2165432 m=409 shapes=3157209 eparts=1465
EVALUATIONS count=50250000000 sid=1450592 m=355 shapes=3157209 eparts=1465
EVALUATIONS count=50260000000 sid=2094601 m=365 shapes=3157209 eparts=1465
EVALUATIONS count=50270000000 sid=225 m=409 shapes=3157209 eparts=1465
EVALUATIONS count=50280000000 sid=1639869 m=409 shapes=3157209 eparts=1465
EXACT-BATCH n=409 pending=12541230 threads=6 truncated=1
ROW-CHECKPOINT saved path=sylver/move26_data/periodicity_x.cache.rowstate active_n=409 scanned_to=407 shapes=3157209 eparts=1465 evaluations=50288502947
